name,email,phone,url
**ACP Computer Training School,hr_admin@acpcomputer.edu.com,,https://sg.joblum.com/job/pega-software-developer/3298256
202303006773 (003458161-D),webinacon88@gmail.com,,https://my.joblum.com/job/admin-cum-account-assistant/1248092
8cent (Malaysia) Sdn. Bhd.,admin@8cent.com,,https://my.joblum.com/job/graphic-design-puchong-area-welcome-fresh/1250768
8x8 Inc,careers@8x8.com,,https://sg.joblum.com/job/software-development-engineer/3294406
A & D DESIGNER'S GROUP PTE. LTD.,enquiry@interior.sg,,https://sg.joblum.com/job/full-time-3d-visualizer/3296988
A BEAUTIFUL LIFE LLP,mondaycoffee.sg@gmail.com,,https://sg.joblum.com/job/kitchen-staff/3300471
A*STAR Research Entities (A*STAR),keri_mccrickerd@sics.a-star.edu.sg,,https://sg.joblum.com/job/senior-research-fellow-human-development-sics/3297170
A*STAR Research Entities (A*STAR),prabhakars@gis.a-star.edu.sg,,https://sg.joblum.com/job/post-doctoral-fellow-laboratory-of-systems/3294052
ABCC Exchange,support@abcc.zendesk.com,,https://sg.joblum.com/job/compliance-analyst/3278004
ACES CARE LIMITED,james@acescare.sg,,https://sg.joblum.com/job/operation-manager/3300511
ACEWELL INDUSTRIAL SUPPLIES (M) SDN. BHD.,accounts@acewell-ind.com,,https://my.joblum.com/job/general-clerk/1254253
ADEPTWERKS PTE. LTD.,,6586936214,https://sg.joblum.com/job/up-to-12-hr-it-show-promoter-14-17-marchwork/3278459
ADEPTWERKS PTE. LTD.,elaine.wong@adeptwerks.com,6586936214,https://sg.joblum.com/job/up-3-5k-it-laptop-retail-promoter/3279202
ADSAN LAW LLC,adrianpeh@adsanlaw.com,,https://sg.joblum.com/job/client-accounting-manager/3292216
ADVANCE VENTURE SOLUTION PTE. LTD.,advacc1023@gmail.com,,https://sg.joblum.com/job/marketing-sales-manager/3292319
ADVENTURE NETWORKING PTE. LTD.,laidan@wmenzai.com,,https://sg.joblum.com/job/hr-administrator-accounts/3292193
AETOS Holdings Pte Ltd,hr_sg@aetoscg.com,,https://sg.joblum.com/job/compliance-assistant/3275467
AFFINITY COSMETICS PTE. LTD.,hr2@affinity-cosmetics.com.sg,65 9788 0466,https://sg.joblum.com/job/senior-beauty-consultant-retail/3291036
AFFINITY HUMAN VENTURE LLP,sarka@ahv.sg,,https://sg.joblum.com/job/chief-technology-officer/3277897
AFRY SINGAPORE PTE. LTD.,thitiporn.s@afry.com,,https://sg.joblum.com/job/finance-and-administrative-associate/3289899
AG OPERATION GROUP PLT,nrlblqis17.work@gmail.com,,https://my.joblum.com/job/tiktok-live-host/1216307
AIG Asia Pacific Insurance Pte Ltd,candidatecare@aig.com,,https://sg.joblum.com/job/complex-claims-adjuster-ii/3280070
AIG Shared Services (M) Sdn Bhd,candidatecare@aig.com,,https://my.joblum.com/job/customer-service-support/1243350
ALLIANCE BUILDER PTE. LTD,bc@banchoncorp.com,,https://sg.joblum.com/job/quantity-surveyor/3274674
ALLIED SEARCH PTE. LTD.,APPLY@ALLIEDSEARCH.COM.SG,,https://sg.joblum.com/job/accounts-assistant-ap-ar/3298612
ALLIED SEARCH PTE. LTD.,JADE@ALLIEDSEARCH.COM.SG,,https://sg.joblum.com/job/recruitment-consultant-training-provided/3288698
ALVIGOR PTE. LTD.,ramesh@alvigor.com,,https://sg.joblum.com/job/instructional-designer-with-client-management/3249399
ALVIN WANG INVESTMENTS PTE. LTD.,hr@coadvisory.com,,https://sg.joblum.com/job/double-or-triple-your-income-in-2024-as-an-aia-pwa/3275388
AME ELITE CONSORTIUM BERHAD,AMEHR@ameconstruction.com.my,,https://my.joblum.com/job/assistant-land-surveyor/1232782
ANHANS INTERIOR DESIGN PTE. LTD.,enquiry@anhans.com,,https://sg.joblum.com/job/junior-interior-designer/3284411
ANNEXION PARTNERS PTE. LTD.,daniel.lim@annexion-partners.com,65 6632 6679,https://sg.joblum.com/job/project-director-workplace-projects-corporate/3271326
ANOTHER CONSULTANCY,singaporeanother@gmail.com,,https://sg.joblum.com/job/admin-assistant-cashier-retail-sales-executive/3266880
ANTZ CAPITAL PTE. LTD.,hr@pifcapital.com,,https://sg.joblum.com/job/sales-manager/3276694
ANTZ CAPITAL PTE. LTD.,hr@pifcapital.com,65 87141919,https://sg.joblum.com/job/certified-practising-management-consultant-pmc/3276726
ANTZ CAPITAL PTE. LTD.,marketing@anzconsulting.com.sg,,https://sg.joblum.com/job/corporate-finance-director/3276713
AP EXECUTIVE PTE. LTD.,jimmy.soh@ap-executive.com,,https://sg.joblum.com/job/private-client-business-development-director/3277912
APAC LAW CORPORATION,xuanni@apaclaw.com,,https://sg.joblum.com/job/administrative-support/3271771
APBA TG Human Resource Pte Ltd,justin.lee@tg-hr.com,,https://sg.joblum.com/job/govt-finance-executive-central-1-year-up/3289159
APEX MEDICAL CENTRE WOODLANDS PTE LTD,ctling@hotmail.com,,https://sg.joblum.com/job/doctor-gp/3295426
ARDEX-QUICSEAL SINGAPORE PTE. LTD.,irene.koh@ardex-quicseal.com,,https://sg.joblum.com/job/digital-marketing-executive/3293465
ARTECH PRINTING & GRAPHIX PTE LTD,merc3323@gmail.com,,https://sg.joblum.com/job/graphic-designer/3244013
ARTHESDAM JEWELLERY PTE LTD,office@arthesdam.com.sg,,https://sg.joblum.com/job/supervisor/3296758
ASCROLITE DESIGN SDN. BHD.,kong@ascrolite.com,,https://my.joblum.com/job/account-executive/1219941
ASEAN3 Macroeconomic Research Office,AMRO_DD3@charterhouse.com.sg,,https://sg.joblum.com/job/deputy-director-functional-surveillance-and/3277978
ASIX STRATEGY TEAM SDN. BHD.,hr@asixteam.com,,https://my.joblum.com/job/account-junior/1255816
ASPIRE55 Pte Ltd,admin@aspire55.com,,https://sg.joblum.com/job/fitness-programme-executive/3241373
ASSURED SPARKLE PTE. LTD.,,65 9696 1817,https://sg.joblum.com/job/general-cleaner/3278445
AWE ACADEMY PTE. LTD.,acewitheaseacademy@gmail.com,,https://sg.joblum.com/job/admin/3280446
AWP Pte Ltd,awp180442a@awparchitects.com,,https://sg.joblum.com/job/architectural-resident-technical-officer/3275304
AccPro HR Services Sdn Bhd,jobs@accpro.biz,,https://my.joblum.com/job/audit-supervisor-manager-shen-ji-zhu-guan-jing/1254110
Ace Kegan Pte Ltd,shinyi@acekg.com,,https://sg.joblum.com/job/senior-interior-designer/3266929
Acot Precision Engineering Pte Ltd,tooldesign@acot.com.sg,65 98638691,https://sg.joblum.com/job/cnc-programmer/3258788
Activate Interactive Pte Ltd,chi@acitvate.sg,,https://sg.joblum.com/job/ui-ux-designer/3295570
Activate Interactive Pte Ltd,chi@activate.sg,,https://sg.joblum.com/job/ui-designer/3255531
Acumen Diagnostic Pte Ltd,admin@acumen-diagnostics.com,,https://sg.joblum.com/job/internaldispatch-rider/3300684
Adecco Personnel Pte Ltd.,Weiling.chua@adecco.com,,https://sg.joblum.com/job/customer-service-manager-freight-forwarding/3297741
Adecco Personnel Pte Ltd.,Xinyang.liu@Adecco.com,,https://sg.joblum.com/job/junior-design-coordinator-tech-mnc-web/3276240
Adecco Personnel Pte Ltd.,alicia.ang@adecco.com,,https://sg.joblum.com/job/payroll-assistant-east/3283828
Adecco Personnel Pte Ltd.,amelia.lau@adecco.com,,https://sg.joblum.com/job/sales-support-analyst-adminc-fmcg-up-to-6k/3297981
Adecco Personnel Pte Ltd.,amos.tan@adecco.com,,https://sg.joblum.com/job/business-analyst-bank-credit-risk-up-to-10k/3295560
Adecco Personnel Pte Ltd.,angeline.low@adecco.com,,https://sg.joblum.com/job/healthcare-support-admin-up-to-3-300-no-exp/3283797
Adecco Personnel Pte Ltd.,ayden.lee@adecco.com,,https://sg.joblum.com/job/general-manager-data-center-telecomm-optical/3298406
Adecco Personnel Pte Ltd.,ayden.tan@adecco.com,,https://sg.joblum.com/job/marketing-executive-bank-up-to-5k-cover/3281627
Adecco Personnel Pte Ltd.,calvern.tan@adecco.com,,https://sg.joblum.com/job/senior-finance-business-partner-regional-uk-mnc/3294290
Adecco Personnel Pte Ltd.,caroline.yong@adecco.com,,https://sg.joblum.com/job/assistant-manager-sap-fico-logistics-industry/3298940
Adecco Personnel Pte Ltd.,cassie.phee@adecco.com,,https://sg.joblum.com/job/sales-coordinator-manufacturing/3298601
Adecco Personnel Pte Ltd.,cecilia.sim@adecco.com,,https://sg.joblum.com/job/assistant-case-manager-bancassurance-up-to-3k/3289128
Adecco Personnel Pte Ltd.,charmaine.see@adecco.com,,https://sg.joblum.com/job/business-analyst-fmcg/3297399
Adecco Personnel Pte Ltd.,corpstaffing@adecco.com,,https://sg.joblum.com/job/accounts-assistant-east-up-to-3200-no-exp/3289153
Adecco Personnel Pte Ltd.,deneen.chia@adecco.com,,https://sg.joblum.com/job/procurement-engineer-semicon-npi/3297374
Adecco Personnel Pte Ltd.,edmond.lee@adecco.com,,https://sg.joblum.com/job/healthcare-support-assistant-admin-backend-up/3297124
Adecco Personnel Pte Ltd.,haritharan.sk@adecco.com,,https://sg.joblum.com/job/accounts-executive-electronic-components/3286379
Adecco Personnel Pte Ltd.,huiyang.loo@adecco.com,,https://sg.joblum.com/job/electrical-engineer-metal-manufacturer/3295907
Adecco Personnel Pte Ltd.,jason.lew@adecco.com,,https://sg.joblum.com/job/senior-creative-digital-art-tech-mnc-up-17k/3295522
Adecco Personnel Pte Ltd.,jayden.tan@adecco.com,,https://sg.joblum.com/job/funds-ops-associate-up-to-4k-bank-east/3300403
Adecco Personnel Pte Ltd.,jennifer.lie@adecco.com,,https://sg.joblum.com/job/hr-admin-executive-west-manufacturing/3277507
Adecco Personnel Pte Ltd.,jolinda.yow@adecco.com,,https://sg.joblum.com/job/recruitment-consultant-fortune-500-mnc/3294460
Adecco Personnel Pte Ltd.,kaihoe.ling@adecco.com,,https://sg.joblum.com/job/program-coordinator-up-3-5k-tech-mnc-west/3299771
Adecco Personnel Pte Ltd.,kaiwen.ng@adecco.com,,https://sg.joblum.com/job/legal-admin-assistant/3289121
Adecco Personnel Pte Ltd.,kareen.chua@adecco.com,,https://sg.joblum.com/job/administration-officers-up-to-2-4k-4-months/3300188
Adecco Personnel Pte Ltd.,keith.quek@adecco.com,,https://sg.joblum.com/job/sales-executive-b2b-corporate-sales/3295715
Adecco Personnel Pte Ltd.,lorwene.guzman@adecco.com,,https://sg.joblum.com/job/sales-executive-fashion-leather-goods-sports/3299080
Adecco Personnel Pte Ltd.,pearlyn.tan@adecco.com,,https://sg.joblum.com/job/trade-marketing-executive-consumer-electronics/3281844
Adecco Personnel Pte Ltd.,reuben.tan@adecco.com,65 9898 0874,https://sg.joblum.com/job/sales-associate-sports-fashion-up-to-3k-x10/3299479
Adecco Personnel Pte Ltd.,reuben.tan@adecco.com,6598980874,https://sg.joblum.com/job/building-coordinator-executive-up-to-5k/3261182
Adecco Personnel Pte Ltd.,ruolin.xie@adecco.com,,https://sg.joblum.com/job/admissions-manager-global-education-mnc/3295385
Adecco Personnel Pte Ltd.,saghana.sithara@adecco.com,,https://sg.joblum.com/job/sap-hr-functional-test-analyst-sap-hcm-payroll/3295629
Adecco Personnel Pte Ltd.,sanmei.aw@adecco.com,,https://sg.joblum.com/job/senior-solution-engineer-presales/3299807
Adecco Personnel Pte Ltd.,sharron.foo@adecco.com,,https://sg.joblum.com/job/digital-marketing-manager-beauty-industry/3281590
Adecco Personnel Pte Ltd.,sylvie.yong@adecco.com,,https://sg.joblum.com/job/key-account-manager-pharmaceutical/3297375
Adecco Personnel Pte Ltd.,tan@adecco.co,,https://sg.joblum.com/job/senior-accountant-group-consolidation-us-co/3286383
Adecco Personnel Pte Ltd.,weiling.chua@adecco.com,,https://sg.joblum.com/job/customer-service-executive-freight-forwarding/3297743
Adecco Personnel Pte Ltd.,weiting.lee@adecco.com,,https://sg.joblum.com/job/assistant-accountant-full-sets-healthcare/3297309
Adecco Personnel Pte Ltd.,xiaoqi.xie@adecco.com,,https://sg.joblum.com/job/retail-store-visual-merchandising-trainee/3261994
Adobe Systems Pte Ltd,accommodations@adobe.com,,https://sg.joblum.com/job/asia-key-account-marketing-manager/3289582
Advance Strategies Pte Ltd,tang@advlawllc.com,,https://sg.joblum.com/job/legal-executive/3262349
Advisors' Clique,Acdc_recruitment@advisorsclique.com.sg,,https://sg.joblum.com/job/financial-consultant-acdc-apprenticeship/3283660
Aedas Pte Ltd,gwendolyn.loh@aedas.com,,https://sg.joblum.com/job/interior-designer-senior-interior-designer/3261524
"Agency for Science, Technology and Research",rmsobota@imcb.a-star.edu.sg,,https://sg.joblum.com/job/research-officer-senior-research-officer-rs/3291544
"Agency for Science, Technology and Research",yhloh@imcb.a-star.edu.sg,,https://sg.joblum.com/job/research-officer-scientist-bioinformatician/3291560
Agensi Pekerjaan Hays (Malaysia) Sdn Bhd,Edward.Yip@hays.com.my,,https://my.joblum.com/job/senior-finance-executive/1257575
Agensi Pekerjaan Hays (Malaysia) Sdn Bhd,Fairuz.Athirah@hays.com.my,,https://my.joblum.com/job/assistant-manager-manager-fund-admin-operations/1229291
Agensi Pekerjaan Hays (Malaysia) Sdn Bhd,JeanJack.Sia@hays.com.my,,https://my.joblum.com/job/assistant-finance-manager/1250341
Agensi Pekerjaan Hays (Malaysia) Sdn Bhd,Jess.Yeoh@hays.com.my,,https://my.joblum.com/job/vp-sustainable-finance-learning-academy/1249476
Agensi Pekerjaan Hays (Malaysia) Sdn Bhd,Mega.Govindan@hays.com.my,,https://my.joblum.com/job/audit-training-manager-fnb-division/1258146
Agensi Pekerjaan Hays (Malaysia) Sdn Bhd,Pretesh.Sudhakaran@hays.com.my,,https://my.joblum.com/job/refractory-estimation-engineer/1251858
Agensi Pekerjaan Hays (Malaysia) Sdn Bhd,Shanice.Loh@hays.com.my,,https://my.joblum.com/job/head-of-operations-commercial-banking/1258858
Agensi Pekerjaan Hays (Malaysia) Sdn Bhd,Thengwern.Heon@hays.com.my,,https://my.joblum.com/job/head-of-taxation-treasury/1254968
Agensi Pekerjaan Hays (Malaysia) Sdn Bhd,Yip@hays.com.my,,https://my.joblum.com/job/group-accountant/1254773
Agensi Pekerjaan Hays (Malaysia) Sdn Bhd,ivan.roy@hays.com.my,,https://my.joblum.com/job/avp-vp-internal-audit/1250305
Agensi Pekerjaan Hays (Malaysia) Sdn Bhd,justine.teh@hays.com.my,,https://my.joblum.com/job/group-accountant/1255610
Agensi Pekerjaan Hays (Malaysia) Sdn Bhd,kheryiing.loh@hays.com.my,,https://my.joblum.com/job/contact-centre-advisor-cantonese-speaker/1228191
Agensi Pekerjaan Hays (Malaysia) Sdn Bhd,shaun.loo@hays.com.my,,https://my.joblum.com/job/senior-finance-executive/1259072
Agensi Pekerjaan Hays (Malaysia) Sdn Bhd,sheryn.chan@hays.com.my,,https://my.joblum.com/job/senior-finance-manager/1258437
Ai Ryori F&B,hello@ajiya.com.sg,,https://sg.joblum.com/job/permanent-part-time-service-crew-for-okonomiyaki/3292743
Airbnb Singapore Pte Ltd,reasonableaccommodations@airbnb.com,,https://sg.joblum.com/job/administrative-business-partner-executive/3290799
Airbus Services Asia Pacific Pte Ltd,emsom@airbus.com.At,,https://sg.joblum.com/job/customer-logistics-manager/3294054
Aldersgate Methodist Church,suathoonhan@aldersgate.sg,,https://sg.joblum.com/job/lay-pastoral-staff-cell-groups-ministry-and/3268455
AlephLabs,careers.sg@aleph-labs.com,,https://sg.joblum.com/job/art-director/3255462
Alepht Pte Ltd,careers.sg@aleph-labs.com,,https://sg.joblum.com/job/art-director/3278868
Alexandra Hospital,careers_alexandra@nuhs.edu.sg,,https://sg.joblum.com/job/patient-service-associate/3277755
Align Recruitment Pte Ltd,,6580446108,https://sg.joblum.com/job/receptionist-customer-service-front-end/3295195
Align Recruitment Pte Ltd,,6598955132,https://sg.joblum.com/job/maintenance-technician-semicons-tuas-shift/3295920
Align Recruitment Pte Ltd,Melissa@alignrecruitment.com.sg,,https://sg.joblum.com/job/corporate-legal-counsel-commercial-sector/3298774
Align Recruitment Pte Ltd,ailsa@alignrecruitment.com.sg,,https://sg.joblum.com/job/field-service-engineer-variable/3295120
Align Recruitment Pte Ltd,emily@alignrecruitment.com.sg,,https://sg.joblum.com/job/retail-management-trainee-book-store-retail/3277211
Align Recruitment Pte Ltd,hazel@alignrecruitment.com.sg,,https://sg.joblum.com/job/personal-assistant-remote-web3/3299721
Align Recruitment Pte Ltd,melissa@alignrecruitment.com.sg,,https://sg.joblum.com/job/airfreight-manager-east-mon-to-fri-office/3298753
Align Recruitment Pte Ltd,melissa@alignrecruitment.sg,,https://sg.joblum.com/job/business-development-executive-freight-forwarder/3298776
Align Recruitment Pte Ltd,melissa@alignrecrutiment.com.sg,,https://sg.joblum.com/job/e-commerce-manager-retail-sector-perm-role/3298768
Alpha Iota,recruitment@alphaiotabpo.com,,https://my.joblum.com/job/telemarketing-executive-remote/1255400
Alpha Summit Pte Ltd,hr@puricare.com.sg,,https://sg.joblum.com/job/graphic-designer/3287489
Alphabit Consulting Pte Ltd,support@abcc.zendesk.com,,https://sg.joblum.com/job/compliance-onboarding-analyst/3271443
Ambition Group Malaysia Sdn Bhd,Amanda.Yap@ambition.com.my,,https://my.joblum.com/job/regional-head-of-fp-a/1254719
Ambition Group Malaysia Sdn Bhd,Andrew.Chua@ambition.com.my,,https://my.joblum.com/job/senior-accounts-receivable-collection-analyst/1259115
Ambition Group Malaysia Sdn Bhd,Andrew.chua@ambition.com.my,,https://my.joblum.com/job/accounts-payable-payment-team-lead-ssc/1259136
Ambition Group Malaysia Sdn Bhd,Jay.Yin@ambition.com.my,,https://my.joblum.com/job/japanese-speaking-otc-customer-support/1234276
Ambition Group Malaysia Sdn Bhd,Jayden.Gan@ambition.com.my,,https://my.joblum.com/job/senior-ai-computer-vision-engineer/1218380
Ambition Group Malaysia Sdn Bhd,joshua.ma@ambition.com.my,,https://my.joblum.com/job/senior-project-manager-banking/1251921
Ambition Group Malaysia Sdn Bhd,junemin.ong@ambition.com.my,,https://my.joblum.com/job/commercial-finance-manager/1257755
Ambition Group Singapore Pte. Ltd. (SG),Alvis.ho@ambition.com.sg,,https://sg.joblum.com/job/perm-hr-lead-education/3273388
Ambition Group Singapore Pte. Ltd. (SG),Claire.chu@ambition.com.sg,,https://sg.joblum.com/job/new-3-6-months-accounts-and-admin-investment/3295256
Ambition Group Singapore Pte. Ltd. (SG),Joanna.Tan@ambition.com.sg,,https://sg.joblum.com/job/new-1-year-contract-credit-operations-officer/3292054
Ambition Group Singapore Pte. Ltd. (SG),Joseph.Cho@ambition.com.sg,,https://sg.joblum.com/job/country-pricing-specialist-central-regional/3299490
Ambition Group Singapore Pte. Ltd. (SG),Melody.Leow@ambition.com.sg,,https://sg.joblum.com/job/hedge-fund-operations-associate/3288346
Ambition Group Singapore Pte. Ltd. (SG),Selicia.low@ambition.com.sg,,https://sg.joblum.com/job/team-lead-client-onboarding/3299734
Ambition Group Singapore Pte. Ltd. (SG),cheryl.poh@ambition.com.sg,,https://sg.joblum.com/job/personal-banker-senior-personal-banker/3277219
Ambition Group Singapore Pte. Ltd. (SG),joey.chen@ambition.com.sg,,https://sg.joblum.com/job/regional-fp-a-manager-professional-services/3294977
Ambition Group Singapore Pte. Ltd. (SG),joseph.koh@ambition.com.sg,,https://sg.joblum.com/job/6-months-hr-admin-part-time/3286408
Ambition Group Singapore Pte. Ltd. (SG),kady.wu@ambition.com.sg,,https://sg.joblum.com/job/finance-director/3289060
Ambition Group Singapore Pte. Ltd. (SG),mohit.surana@ambition.com.sg,,https://sg.joblum.com/job/regional-account-director/3238368
Ambition Group Singapore Pte. Ltd. (SG),ruby.liu@ambition.com.sg,,https://sg.joblum.com/job/senior-sales-executive-us-mnc-remote/3301343
Ambition Group Singapore Pte. Ltd. (SG),sindhu.udayakumar@ambition.com.sg,,https://sg.joblum.com/job/regulatory-reporting/3294952
Amica Law LLC,winnie.tham@amicalaw.com,,https://sg.joblum.com/job/legal-secretary/3290330
Anaplan Asia Pte Ltd,humanresources@anaplan.com,,https://sg.joblum.com/job/apac-workplace-services-manager/3294434
Antics Holdings Pte Ltd,hi@anticsatplay.com,,https://sg.joblum.com/job/partnership-production-manager/3280524
Aon Insurance Brokers (M) Sdn Bhd,ReasonableAccommodations@Aon.com,,https://my.joblum.com/job/assistant-vice-president-health-benefits/1221813
Aon Life,ReasonableAccommodations@Aon.com,,https://sg.joblum.com/job/credit-surety-leader-apac/3290501
Aon Life,ReasonableAdjustments@Aon.com,,https://sg.joblum.com/job/life-consulting-senior-consultant-apac/3270721
Aon Singapore Pte Ltd,ReasonableAccommodations@Aon.com,,https://sg.joblum.com/job/consultant-health/3277956
Aon Singapore Pte Ltd,ReasonableAdjustments@Aon.com,,https://sg.joblum.com/job/life-consulting-senior-consultant/3274505
Apex Office Furniture Exporter Sdn Bhd,hrd@apexof.com.my,,https://my.joblum.com/job/production-assistant/1253684
Apex Retail Pte Ltd,,65 8892 0366,https://sg.joblum.com/job/beauty-consultant-cum-beautician/3299594
Apollo Healthcare Resources,hr@apollo-healthcare.com.sg,,https://sg.joblum.com/job/chemical-bd-executive/3292879
Appian Singapore Pte Ltd,ReasonableAccommodations@appian.com,,https://sg.joblum.com/job/account-executive-broad-markets/3294423
Aras Development Pte Ltd,,65 9299 6424,https://sg.joblum.com/job/general-cleaners/3285331
Archvogue Creative Pte Ltd,archvogue@gmail.com,,https://sg.joblum.com/job/3d-event-creative-designer/3282880
Ascentis Pte Ltd,careers@ascentis.com.sg,,https://sg.joblum.com/job/legal-executive/3239927
Asia Advance Human Resource,diana@aahr.com.sg,,https://sg.joblum.com/job/legal-exec-ubi-5day-3600-variable/3240609
Asia Digital Exchange Pte. Ltd.,hr@asianext.com,,https://sg.joblum.com/job/software-engineer/3294028
Assembly Works Hr Pte. Ltd.,anson.tan@assemblyworks.co,,https://sg.joblum.com/job/architecture-design-intern/3249815
Atomic Recruitment,annabelle.quek@atomicgroup.sg,,https://sg.joblum.com/job/backend-engineer/3295442
Atomic Recruitment,joel.seet@atomicgroup.sg,,https://sg.joblum.com/job/head-of-marketing-global-ecommerce-mnc/3292885
Atomic Recruitment Pte. Ltd.,Joseph.yong@atomicgroup.sg,,https://sg.joblum.com/job/key-account-manager-logistics-mnc/3294296
Atomic Recruitment Pte. Ltd.,deon.chien@atomicgroup.sg,,https://sg.joblum.com/job/global-supply-planner-fmcg/3299688
AttorneyGeneral's Chambers,AGC_HR_Recruit@agc.gov.sg,,https://sg.joblum.com/job/legal-executive-legal-operations-group/3248282
Axiom Technologies,careers.sg@axiomtechnologies.com,,https://sg.joblum.com/job/data-centre-engineer-full-time-singapore/3290593
Axisoft (Singapore) Pte. Ltd.,hr@axisoft.com,,https://sg.joblum.com/job/senior-software-engineer/3293580
BAN CHON CORPORATION & TRADING PTE LTD,bc@banchoncorp.com,,https://sg.joblum.com/job/project-manager-civil-engineering/3274937
BAYES,koh.dickson@bayesrecruitment.com,,https://sg.joblum.com/job/it-infrastructure-engineer-consulting/3291994
BB Capital Sdn Bhd (Instaduit),hr@instaduit.com,,https://my.joblum.com/job/collections-field-recovery-officer-full-time/1243150
BEE NATION,Sherry@beenation.sg,,https://sg.joblum.com/job/e-commerce-executive/3289408
BETA PET MART PTE. LTD.,info@betapetmart.com,,https://sg.joblum.com/job/brand-ambassador/3282966
BG WELLNESS SDN. BHD.,info@pevonia.com.my,,https://my.joblum.com/job/chinese-video-editor/1247302
BGC Group Pte Ltd,giovanna.widjaja@bgc-group.com,,https://sg.joblum.com/job/community-builder-outreach-and-engagements/3291198
BHP,inclusion@bhp.com,,https://sg.joblum.com/job/principal-compliance-counsel-singapore/3284708
BLU KOUZINA PTE LTD,john@ogk.sg,,https://sg.joblum.com/job/service-crew/3290878
BP Singapore Pte Limited,career@theballetschool.com.sg,,https://sg.joblum.com/job/customer-service-officer/3281303
BRIGHTON VET CARE PTE. LTD.,tokjiahui.bvc@gmail.com,,https://sg.joblum.com/job/client-care-specialist/3278371
Balestier Khalsa Football Club,Hello@bkfc.sg,,https://sg.joblum.com/job/football-player/3293642
Baxter Healthcare (Malaysia) Sdn Bhd,Americas_TTA@baxter.com,,https://my.joblum.com/job/global-fixed-assets-accountant-1-year-contract/1256663
Beijing Language School,,"659789 3589,65 9789 3589",https://sg.joblum.com/job/hourly-rated-cleaner/3295880
Beijing Language School,admin@beijinglanguage.com,,https://sg.joblum.com/job/account-cum-admin-assistant/3290291
BerryPay (M) Sdn Bhd,hr@berrypay.com,,https://my.joblum.com/job/operations-manager/1258545
Bible Society of Singapore,hr@biblesociety.sg,,https://sg.joblum.com/job/officer-community-relations-and-administration/3290892
Big 9 Printing,big9printing1@gmail.com,,https://my.joblum.com/job/customer-service/1225779
Bina Puri Holdings Berhad,norjazliana@binapuri.com.my,,https://my.joblum.com/job/account-executive/1257011
Bina Warehouse Sdn Bhd,enquiries@binawarehouse.com,,https://my.joblum.com/job/interior-designer/1257495
Bloomberg Singapore Pte. Ltd.,AMER_recruit@bloomberg.net,,https://sg.joblum.com/job/specialist-sales-bloombergnef-relationship/3297364
Blue Ocean Infotech Pte Ltd,kshama.raj@blueocean.systems,,https://sg.joblum.com/job/trip-record-consultant/3298174
Boo,queenie@boo.world,,https://my.joblum.com/job/ux-researcher-remote/1250908
Branson Ultrasonics (Division of Emerson Electric (M) Sdn Bhd),idisability.administrator@emerson.com,,https://my.joblum.com/job/customer-care-executive/1229415
Brican Success PLT,hr@brican.com.my,,https://my.joblum.com/job/english-trainer-for-professionals/1253827
C-Compass Affiliates Pte. Ltd.,hr2024@ccompass.com.sg,,https://sg.joblum.com/job/corporate-secretarial-senior-executive-or/3233498
C-Connect Consultants Pte Ltd,jobs@c-connect.com.sg,,https://sg.joblum.com/job/financial-specialist/3281720
CA.sg d'CorpServ Pte. Ltd.,info@ca-sg.com,,https://sg.joblum.com/job/corporate-secretarial-executive/3258559
CADV AI TECHNOLOGY PTE. LTD.,careers@cadv.ai,,https://sg.joblum.com/job/account-manager/3289835
CADV.AI,careers@cadv.ai,,https://sg.joblum.com/job/account-manager/3291475
CAL Concept & Lifestyle,connect@cal.sg,,https://sg.joblum.com/job/digital-media-advertising-intern/3278269
CAMBRIDGE LEARNING CENTER PTE. LTD.,cambridge.learning.center1996@gmail.com,,https://sg.joblum.com/job/teacher/3290092
CAREERSTAR INTERNATIONAL PTE. LTD.,agnes@careerstar.com.sg,,https://sg.joblum.com/job/hr-manager-hr-consultant-up-to-9-000/3280629
CASHEW MEDICAL & SURGERY CLINIC PTE. LTD.,cashewmedical88@gmail.com,,https://sg.joblum.com/job/nurse/3297613
CELECTI PTE. LTD.,,65 6385 6696,https://sg.joblum.com/job/malay-language-teacher-preschool/3277478
CELECTI PTE. LTD.,ammerlinelam@celecti.com.sg,,https://sg.joblum.com/job/senior-manager-cyber-security-up-to-10-500/3301330
CELECTI PTE. LTD.,enthu@celecti.com.sg,,https://sg.joblum.com/job/operations-manager/3295567
CELECTI PTE. LTD.,johnny.low@celecti.com.sg,,https://sg.joblum.com/job/hr-manager-east-up-to-6000/3286612
CELECTI PTE. LTD.,kassandra.chong@celecti.com.sg,,https://sg.joblum.com/job/temp-roadshow-assistant/3288444
CELECTI PTE. LTD.,tammi.ng@celecti.com.sg,,https://sg.joblum.com/job/temp-admin-assistant/3288428
CES Repton Pty Ltd,careers@invictus.edu.kh,,https://sg.joblum.com/job/admissions-and-marketing-manager/3297181
CGP Personnel,Jerry.Yeo@cornerstoneglobalpartners.com,,https://sg.joblum.com/job/correctional-facility-nurse-sn-4-days-12/3297132
CGP Personnel,bryan.lee@cornerstoneglobalpartners.com,,https://sg.joblum.com/job/up-to-3-500-insurance-call-centre-executive/3299822
CGP Personnel,edward.liau@cgptalent.com,,https://sg.joblum.com/job/financial-claim-support-up-to-3500-per-month/3272295
CGP Personnel,huining.neo@cornerstoneglobalpartners.com,,https://sg.joblum.com/job/urgent-digital-ambassador-x15-5-days-week/3289314
CGP Personnel,ian.d@cgptalent.com,,https://sg.joblum.com/job/customer-care-gov-contract-up-2700-call/3301254
CGP Personnel,ian.tham@cgptalent.com,6593888043,https://sg.joblum.com/job/prison-nurse-6000-8000-east/3295525
CGP Personnel,sanjey.kumar@cgptalent.com,,https://sg.joblum.com/job/office-hour-admin-assistant-data-entry-3-6/3299350
CGP Personnel,sharica.tan@cgptalent.com,,https://sg.joblum.com/job/up-to-35-hr-locum-pt-nurse-changi-area/3299380
CHATERAISE (SINGAPORE) PTE. LTD.,sg_recruitment@chateraise-i.com,,https://sg.joblum.com/job/f-b-customer-service-ambassador-part-time/3298978
CHATERAISE (SINGAPORE) PTE. LTD.,sg_recruitment@chateraise.com,,https://sg.joblum.com/job/operations-executive-f-b-retail-hours/3292641
CHINA INDUSTRIAL SECURITIES INTERNATIONAL FINANCIAL GROUP LIMITED,kenny.xie@xyzq.com.sg,,https://sg.joblum.com/job/sg-corporate-finance-vp-svp/3281861
CHP Law LLC,hr@chp.law,,https://sg.joblum.com/job/senior-legal-executive/3271841
CIMC RAFFLES OFFSHORE (SINGAPORE) PTE. LTD.,hr.sg@cimc-raffles.com,,https://sg.joblum.com/job/contracts-manager-based-in-china/3278421
CINCH SG PTE. LTD.,jobs@cinch.sg,,https://sg.joblum.com/job/customer-excellence-specialist/3284086
CIRCULAR LAW CHAMBERS LLP,recruitments@circularlaw.com.sg,,https://sg.joblum.com/job/conveyancing-executives/3278604
CIVIL SERVICE CLUB,careers@csc.sg,,https://sg.joblum.com/job/technical-officer/3263370
CK HONG MANAGEMENT SERVICES,c_k_hong@hotmail.com,,https://my.joblum.com/job/account-assistant/1254522
COCOAGE COSMETICS PTE. LTD.,hr2@affinity-cosmetics.com.sg,65 9788 0466,https://sg.joblum.com/job/senior-beauty-consultant-retail/3291022
CODENEY PTE. LTD.,recruiting@greatfrontend.comwith,,https://sg.joblum.com/job/digital-marketing-manager-remote/3298881
COMFORT HOME CARPENTRY PTE. LTD.,hi@comforthomeinterior.com,,https://sg.joblum.com/job/interior-designer/3265134
COMFORT HOME INTERIOR,hi@comforthomeinterior.com,,https://sg.joblum.com/job/interior-designer/3287572
COTTON ON SINGAPORE PTE LTD,careers@cottonon.com.au,,https://sg.joblum.com/job/full-time-retail-cotton-on-sports-hub/3286814
COTTON ON SINGAPORE PTE LTD,recruitment@cottonon.com.au,,https://sg.joblum.com/job/full-time-retail-cotton-on-kids-jewel-changi/3301099
COWPRESSOCOFFEE PTE LTD,,65 8073 5090,https://sg.joblum.com/job/cafe-senior-chef-full-time/3290771
CRT Specialist (M) Sdn Bhd,limjames2001@yahoo.com,,https://my.joblum.com/job/accounts-manager/1252568
CT Solutions (Pte. Ltd.),henry.heng@careertalent.sg,,https://sg.joblum.com/job/accounts-executive-5-days-up-to-4-000-year/3298282
CURIE HOLDING PTE LTD,people@curieoncology.com.sg,,https://sg.joblum.com/job/staff-nurse-home-care/3289647
CVista HR Consulting Pte Ltd,audrey.chng@cvistahr.com,,https://sg.joblum.com/job/customer-service-coordinator-exp-in-warehouse/3298587
CVista HR Consulting Pte Ltd,xinyuan.tan@cvistahr.com,,https://sg.joblum.com/job/designer-fashion-design-sportwear/3280673
Capen Marketing Pte Ltd,serene@kele.sg,,https://sg.joblum.com/job/operations-warehouse-management-supervisor-am/3292771
"Capital College Of The Arts, Management And Technology Pte. Ltd.",careers@ccamt.edu.sg,,https://sg.joblum.com/job/executive-senior-executive-marketing-and-student/3292367
Capital Dynamics Asset Management Sdn Bhd,careers@capitaldynamics.com.au,,https://my.joblum.com/job/associate-management-operations/1252720
Capital Dynamics Asset Management Sdn Bhd,careers@cdam.biz,,https://my.joblum.com/job/fund-accountant/1252847
Capital Dynamics Asset Management Sdn Bhd,careers@icapital.biz,,https://my.joblum.com/job/equity-analyst/1256272
Capital Dynamics Asset Management Sdn Bhd,hr.hk@capitaldynamics.biz,,https://my.joblum.com/job/fund-manager-hong-kong/1252789
Capital Markets Recruitment,tom.oc@capitalmarkets.ie,,https://sg.joblum.com/job/researcher/3271042
Career Edge Asia Pte Ltd,recruit21@caed.com.sg,,https://sg.joblum.com/job/ar-accounts-executive-central-3k-4k-aws-vb/3295138
Career Edge Asia Pte Ltd,recruit23@caed.com.sg,,https://sg.joblum.com/job/wsho-6k-7k-aws-vb-rc/3277582
Career Edge Asia Pte Ltd,recruit23@caed.sg,,https://sg.joblum.com/job/senior-contracts-management-executive-5k-aws/3277305
Central Mercantile Corporation (S) Ltd.,fin_admin@cmcs.com.sg,,https://sg.joblum.com/job/marketing-execuive-product-advisor/3301115
Centre for Evidence and Implementation Singapore Ltd,cei.hr.sg@ceiglobal.org,,https://sg.joblum.com/job/director-singapore/3278537
Century Engineering Contractor Pte Ltd,accounts@ktcec.com,,https://sg.joblum.com/job/drafter/3301190
Cerebral Palsy Alliance Singapore,recruit_hr15@cpas.org.sg,,https://sg.joblum.com/job/psychologist-sped-school/3296891
Charterhouse Resources,,6588707976,https://sg.joblum.com/job/luxury-retail-assistant-basic-comms-up/3285391
Charterhouse Resources,ShaneN@chtalentresources.com,,https://sg.joblum.com/job/installation-site-analyst-coordinator-biotech/3273571
Chaw & Co(Classifieds),alexchancy@gmail.com,,https://my.joblum.com/job/audit-assistants/1252214
Cheowood Sdn bhd,cheowod@gmail.com,,https://my.joblum.com/job/account-executive-accounting-assistant-ae-aa/1255011
Chicken Pie Pte. Ltd.,,65 80409063,https://sg.joblum.com/job/delivery-driver/3292229
Chicken Pie Pte. Ltd.,join@chickenpie.sg,65 80409063,https://sg.joblum.com/job/service-crew-front-of-house-full-time/3290616
China Alpha Fund Management Pte. Ltd,hr@chinaalphafund.com,,https://sg.joblum.com/job/personal-assistant-secretary/3292850
Chop Lee Huat Cermin & Aluminium Sdn Bhd,project02@leehuat.com.my,,https://my.joblum.com/job/site-supervisor/1236549
Citrus By The Pool Pte Ltd,admin@citrusbythepool.com,,https://sg.joblum.com/job/restaurant-outlet-manager/3296089
Clarksons Singapore Pte. Limited,HR.Singapore@clarksons.com,,https://sg.joblum.com/job/shipbroker-s-p/3296413
Cloud Recruitment Pte. Ltd.,cheralyn@cloudrecruitment.sg,,https://sg.joblum.com/job/ying-fen-lao-shi-hua-wen-lao-shi-preschool/3298249
Cloud Recruitment Pte. Ltd.,melodie@cloudrecruitment.sg,,https://sg.joblum.com/job/preschool-teachers-yz/3296207
Coalesce Management Consulting Pte. Limited,allison.aquino@cmcexpertisedelivered.com,,https://sg.joblum.com/job/procurement-specialist/3291015
Cognizant Technology Solutions,TAGCompliance2@cognizant.com,,https://my.joblum.com/job/senior-associate/1244058
CommScope Solutions Singapore Pte Ltd,talentacquisition@commscope.com,,https://sg.joblum.com/job/channel-sales-manager/3293309
ConnectedGroup Limited,Ivy.Yeung@connectedgroup.com,,https://sg.joblum.com/job/tax-manager-singapore-based/3291224
Consulting,meenakshi@aven-sys.com,,https://sg.joblum.com/job/aws-cloud-engineer/3300927
Cooking Art Industries Pte Ltd,hr@cookingart.com.sg,,https://sg.joblum.com/job/retail-sales-associates-full-part-time/3298211
Cornerstone Global Partners,geetali.rastog@cornerstoneglobalpartners.com,,https://sg.joblum.com/job/it-security-analyst/3292890
Cotan Energy Singapore,dahnatruong@cotanenergy.sg,,https://sg.joblum.com/job/marketing-designer-intern/3248646
Crepuscule Asia Pte. Ltd.,maelis.bedu@crepuscule.fr,,https://sg.joblum.com/job/account-executive/3259936
Cresco Investments Pte Ltd,enquiries@cresco-investments.com,,https://sg.joblum.com/job/investments-analyst-associate/3277918
Crimson (S) Pte Ltd,hr.crimsonsingapore@gmail.com,,https://sg.joblum.com/job/credit-control-executive-finance/3290917
CrowdStrike,Recruiting@crowdstrike.com,,https://sg.joblum.com/job/sales-development-representative-singapore/3293130
Cushman & Wakefield (S) Pte Ltd,HRServices@cushwake.com,,https://sg.joblum.com/job/regional-facilities-manager/3285933
DADACONSULTANTS PTE. LTD.,,6592377799,https://sg.joblum.com/job/global-hr-people-strategy-assistant-manager/3283483
DDB Worldwide Pte Ltd,career@sg.ddb.com,,https://sg.joblum.com/job/account-manager/3241756
DELTA FRONTIER SDN. BHD.,HR@DeltaFrontier.com,,https://my.joblum.com/job/accounting-cum-office-admin/1253534
DELTAFRONTIER PRIVATE LIMITED,HR@DeltaFrontier.com,,https://sg.joblum.com/job/office-admin-cum-operation/3292732
DELTAFRONTIER PRIVATE LIMITED,HR@deltaFrontier.com,,https://sg.joblum.com/job/technical-sales-association/3299064
DFASS (Singapore) Pte Ltd,j.wu@3sixtydutyfree.com,,https://sg.joblum.com/job/vendor-relations-executive/3267522
DM DESIGN MARKETING PTE. LTD.,sg.dmmarketing@gmail.com,,https://sg.joblum.com/job/digital-marketing-specialist/3297005
DUO FU FOOD CRAFT LLP,join@kuehpietea.com,,https://sg.joblum.com/job/operation-supervisor/3290701
DYNACLE TRANSPORTATION AND WORKSHOP PTE. LTD,,65 8828 7557,https://sg.joblum.com/job/school-bus-attendant/3290305
Da Guan Construction Pte. Ltd.,HR@DAGUAN.COM.SG,,https://sg.joblum.com/job/bim-modeller-architecture-cum-quantity-surveyor/3264874
De Pacific Dental Group Pte Ltd,recruitment@depacific.com,,https://sg.joblum.com/job/superstar-dental-assistant-cum-front-desk/3283345
Deliciae Hospitality Management Pte Ltd,Dorothy.chua@dhm.com.sg,,https://sg.joblum.com/job/head-of-pastry/3292159
Direct Funeral Services Pte Ltd,joanng.dfs@gmail.com,,https://sg.joblum.com/job/driver/3300415
Direct Funeral Services Pte Ltd,tricia.directfuneral@gmail.com,,https://sg.joblum.com/job/operations-crew/3300642
Doerscircle.com,travis@doerscircle.com,,https://sg.joblum.com/job/user-experience-designer/3247822
"Dow Jones AER Company, Inc",talentresourceteam@dowjones.com,,https://sg.joblum.com/job/research-editor/3284678
Drake International (S) Ltd,,65 6645 4540,https://sg.joblum.com/job/legal-secretary-legal-assistant-shipping-firm/3273706
Drake International (S) Ltd,Careers@sg.drakeintl.com,,https://sg.joblum.com/job/insurance-operations-executive/3279269
Drake International (S) Ltd,hsingh@sg.drakeintl.com,,https://sg.joblum.com/job/legal-counsel-global-shipping-maritime/3276767
Drake International (S) Ltd,hsingh@sg.drakeintl.com,65 6645 4540,https://sg.joblum.com/job/legal-secretary-shipping-oil-gas-firm/3241089
DrewCorp Services Pte Ltd,hrrecruit@drewnapier.com,,https://sg.joblum.com/job/associate/3233757
DukeNUS Medical School,adeline.chia@duke-nus.edu.sg,,https://sg.joblum.com/job/research-assistant/3274151
Dumpling Darlings by Lola's Cafe,careers@bettercraft.com.sg,,https://sg.joblum.com/job/better-craft-co-kitchen-crew-cook-chef/3290429
Duo Design Group Sdn Bhd,hello@duodesign.my,,https://my.joblum.com/job/interior-designer-interior-architect/1244306
Duo Medical Pte. Ltd.,Peter.koh@duomedicalsg.com,,https://sg.joblum.com/job/accounts-adm-executive/3298295
Dynalynk Pharma Pte Ltd,jobs@lynkbiotech.com,,https://sg.joblum.com/job/qa-officr/3300934
Dynamics Therapy Centre for Kids,agnes_ho@therapy.com.sg,,https://sg.joblum.com/job/centre-admin-executive-front-desk/3293644
E&C Recruitment Pte. Ltd.,Edward.toh@myecrecruitment.com,,https://sg.joblum.com/job/customer-service-executive-up-3300-5-days/3297777
E&C Recruitment Pte. Ltd.,Edward.toh@myecrecruitment.com,6593839640,https://sg.joblum.com/job/indoor-sales-admin-up-2000-bonus-5-days/3297809
E&C Recruitment Pte. Ltd.,hanzhe.chung@myecrecruitment.com,,https://sg.joblum.com/job/operation-admin-up-to-3100-5-days/3297401
E-Bridge Pre-School Pte Ltd,careers@e-bridge.edu.sg,,https://sg.joblum.com/job/security-officer-punggol-sengkang/3256347
EAST EMPLOYMENT PTE. LTD.,sgjobs8888@gmail.com,,https://sg.joblum.com/job/restaurant-manager/3300559
EATZ CATERING SERVICES PTE. LTD.,hr@cateringculture.com.sg,,https://sg.joblum.com/job/admin-hr-executive/3281054
ECHOMARKETING SG PTE.LTD.,recruit@echomarketingsg.com,,https://sg.joblum.com/job/retail-sales-assistant-korea-brand/3274702
ECO-ENVIRO TRADING PTE. LTD.,eric.chee@ecoenviro.com.sg,,https://sg.joblum.com/job/business-development-executive/3287509
EDHECinfra,recruitment@edhec-dbd.com,,https://sg.joblum.com/job/data-collection-assistant/3277928
EDMUND OPTICS SINGAPORE PTE. LTD.,hr@edmundoptics.com.sg,,https://sg.joblum.com/job/quotation-engineer/3296256
EIGHT TALONS CONSULTING PTE. LTD.,brandon.yeo@eight-talons.com,,https://sg.joblum.com/job/business-development-manager/3294359
ELM TREE Distributors Pte Ltd,thpoo@elmtreebooks.com,,https://sg.joblum.com/job/retail-part-time/3297514
ENTERPRISE CORPORATE SERVICES PTE LTD,hr@enterprisecorpservices.com.sg,,https://sg.joblum.com/job/corporate-secretarial-manager/3262699
ENTERPRISE MANAGEMENT PTE LTD,hr@enterprisemgt.com.sg,,https://sg.joblum.com/job/tax-manager/3290395
EP-Tec Solutions Pte Ltd,ron.ong@gtimedia.asia,,https://sg.joblum.com/job/media-sales-marketing-executive/3288673
EPE PACKAGING PTE LTD,cslim@epepack.com.sg,,https://sg.joblum.com/job/finance-hr-admin-executive/3299784
ESRI Malaysia Sdn Bhd,ttorche@bousteadgeospatial.com,,https://my.joblum.com/job/finance-manager-bgt-malaysia-kuala-lumpur/1256198
EVERVET VETERINARY CLINIC PTE. LTD.,admin@evervetsg.com,,https://sg.joblum.com/job/veterinary-client-services-officer/3290753
EVRYDAY STUDIOS PTE. LTD.,vivian@evrydaystudios.co,,https://sg.joblum.com/job/retail-personnel/3292579
EXPO BRICKS SDN. BHD.,expogayasb@hotmail.com,,https://my.joblum.com/job/admin-assistant/1247618
Eco-ITS Private Limited,HR@Eco-ITS.com,,https://sg.joblum.com/job/school-teacher-aide-immediate-hiring/3300607
Elec-Pro Technology Pte Ltd,contact@elecpro.sgindicating,,https://sg.joblum.com/job/cybersecurity-engineer/3298997
Elitez & Associates Pte. Ltd.,Aaron.tan@elitez.asia,6597273794,https://sg.joblum.com/job/pest-control-technician/3261867
Elitez Pte Ltd,,6583482126,https://sg.joblum.com/job/f-b-service-crew-supervisor-x-10-mon-to-fri/3298039
Emerson Process Management Manufacturing (M) Sdn Bhd,idisability.administrator@emerson.com,,https://my.joblum.com/job/customer-care-executive/1229872
Employment Vietnam,evelyn.ng@ev-search.com,,https://sg.joblum.com/job/regulatory-affairs-executive/3271193
EnviroDynamics Solutions Pte Ltd,annatoh@envirodynamics.com.sg,,https://sg.joblum.com/job/senior-staff-nurses-all-disciplines/3291933
Enviroports Pte. Ltd.,hr@enviroports.com,,https://sg.joblum.com/job/commercial-operator/3296128
Eppendorf Asia Pacific Sdn Bhd,hr-apa@eppendorf.com.my,,https://my.joblum.com/job/junior-customer-care-specialist/1253223
Esco Aster Pte. Ltd.,jobs@escoaster.com,,https://sg.joblum.com/job/quality-systems-manager/3293476
Esteem Energy Engineering Sdn Bhd,admin@esteem.com.my,,https://my.joblum.com/job/admin-assistant-bintulu/1253808
Ethan Interiors,huiling.goh@ethaninteriors.com,,https://sg.joblum.com/job/admin-assistant/3290296
Ethereal Tech Pte. Ltd.,eliza@bitfufu.com,,https://sg.joblum.com/job/hr-executive/3274603
Eurocopy Parts Sdn Bhd,pa_management1010@citibiz.com.my,,https://my.joblum.com/job/indoor-sales-executive/1231102
Evergreen Refuse Disposal & Cleaning Services Pte Ltd,,65 8341 4385,https://sg.joblum.com/job/float-cleaner-condo/3299901
Evolution Singapore,Danielle.yeow@evolutionjobs.sg,,https://sg.joblum.com/job/head-of-design/3266806
Exasoft Pte. Ltd.,varshinie@exasoftglobal.com,,https://sg.joblum.com/job/student-support-executive-woodlands-crescent/3297041
Exer-Fit Consultancy Service,henry@exer-fit.com.sg,,https://sg.joblum.com/job/part-time-gym-counter-staff-nus/3284060
Exklusive Landscape Pte Ltd,jenny@exklusivelandscape.com,,https://sg.joblum.com/job/hr-assistant/3284074
F5 Networks Singapore Pte Ltd,accommodations@f5.com,,https://sg.joblum.com/job/manager-corporate-operations/3286717
FADA CONSTRUCTION SDN BHD,fadacon@gmail.com,,https://my.joblum.com/job/site-supervisor/1229652
FARMWORK PTE. LTD.,iwanttowork@farm.sg,,https://sg.joblum.com/job/interior-designer/3290248
FASDEX CONSTRUCTION SDN. BHD,hrfasdexconstruction@gmail.com,,https://my.joblum.com/job/admin-assistant/1248944
FENGHE FUND MANAGEMENT PTE. LTD.,hr@fenghegroup.com,,https://sg.joblum.com/job/vice-president-manager-finance-and-operations/3290441
FIFTYFREED BEAUTY BAR PTE. LTD.,hr@fiftyfreed.sg,,https://sg.joblum.com/job/accounts-executive/3287462
FIFTYFREED CREATIVE PTE. LTD.,hr@fiftyfreed.sg,,https://sg.joblum.com/job/content-creator/3287111
FIGHT ZONE SINGAPORE PTE. LTD,hr@fightzonesg.com,,https://sg.joblum.com/job/full-time-fitness-trainer/3264083
FOXTECH 2000 (S) PTE LTD,thesyringe@gmail.com,,https://sg.joblum.com/job/patient-service-executive-senio/3290414
FPIX MEDIA PTE. LTD.,jobs@fpix.com.sg,,https://sg.joblum.com/job/creative-producer/3284497
FRG Technology Consulting,d.huang@frankgroup.com,,https://sg.joblum.com/job/erp-program-manager/3292004
FSD INTERIOR CONSULTANT SDN BHD,admin@fsd.com.my,,https://my.joblum.com/job/interior-designer/1253270
FSD INTERIOR CONSULTANT SDN BHD,fsdconsultant@gmail.com,,https://my.joblum.com/job/interior-designer/1250583
Facebook,accommodations-ext@fb.com,,https://sg.joblum.com/job/lead-counsel-gcr-country-and-content-contract/3275212
Fashion Makerspace,hr.fashionmakerspace@gmail.com,,https://sg.joblum.com/job/graphic-designer-part-time/3252064
Fasosola Music School,info@fasosola.edu.sg,,https://sg.joblum.com/job/full-time-customer-service-administrator/3280827
Fei Yue Community Services,recruit@fycs.org,,https://sg.joblum.com/job/speech-therapist-early-intervention-programme/3283425
Fei Yue Family Service Centre,recruit@fycs.org,,https://sg.joblum.com/job/social-work-associate-child-protection/3294693
Fight Zone Franchise Pte Ltd,hr@fightzonesg.com,,https://sg.joblum.com/job/full-time-fitness-trainer/3299695
Filos Community Services Ltd,hr@filos.sg,,https://sg.joblum.com/job/social-service-assistant/3287217
Financial Alliance Pte Ltd,jonathanoh@fa.sg,,https://sg.joblum.com/job/client-advisor-independent-asset-management-unit/3284183
Fire Bender Import and Export Sdn Bhd,firebenderimportexport@gmail.com,,https://my.joblum.com/job/accounts-clerk/1256527
First Affiliation - ADO,fameunice@gmail.com,,https://sg.joblum.com/job/admin-assistant/3270149
Fisher8 Capital Pte. Ltd.,nana@fisher8.capital,,https://sg.joblum.com/job/ui-ux-designer/3283177
Flamingo Recruitment Pte Ltd,yifang@flamingorecruitment.com,,https://sg.joblum.com/job/content-creator-blockchain/3278070
Flex,accessibility@flex.com,,https://my.joblum.com/job/accountant/1250839
Flex Logistics Pte. Ltd.,yiting.liew@flexlogistics.sg,,https://sg.joblum.com/job/delivery-rider-long-term-part-timers/3300705
Fokus Samudera Sdn Bhd,jobsfsamudera@gmail.com,,https://my.joblum.com/job/general-clerk/1255968
Food From The Heart,hr@foodheart.org,,https://sg.joblum.com/job/programme-lead/3276922
Form Arts Pte Ltd,esther@formarts.com.sg,,https://sg.joblum.com/job/grapgic-designer/3296616
Forte Employment Services Pte Ltd,,65 96484334,https://sg.joblum.com/job/sales-coordinator/3299834
Forte Employment Services Pte Ltd,linda@forteemp.com.sg,,https://sg.joblum.com/job/credit-underwriting-and-accounting/3298581
Forte Employment Services Pte Ltd,weni@forteemp.com.sg,,https://sg.joblum.com/job/telemarketer-novena-5days-basic-up-to-2-300/3285111
Fujitsu Systems Global Solutions Management Sdn. Bhd.,nursyamini.zulkiflimanisegaran@fujitsu.com,,https://my.joblum.com/job/service-desk-agent-mandarin-cantonese/1225906
Furqanworks Sdn Bhd,hrfurqanworks@gmail.com,,https://my.joblum.com/job/customer-service-executive/1240814
G4S Secure Solutions (Singapore) Pte Ltd,,6582301879,https://sg.joblum.com/job/relief-security-officers-for-moe-schools-south/3291432
GARTNER ADVISORY (SINGAPORE) PTE LTD,ApplicantAccommodations@gartner.com,,https://sg.joblum.com/job/account-manager-mse-gts/3300550
GETHA (1969) SDN BHD,melissa@getha.com.my,,https://my.joblum.com/job/production-clerk/1251072
GIC Private Limited,grphrodtaops@gic.com.sg,,https://sg.joblum.com/job/vp-total-portfolio-risk/3281788
GK CONSULTING PTE. LTD.,Cayla@gkconsulting.co,,https://sg.joblum.com/job/urgent-regulatory-reporting-banking/3274666
GMP Group HQ,Ai.Linh@gmprecruit.com,,https://sg.joblum.com/job/avp-senior-system-analyst-net-bank-permanent/3295425
GMP Group HQ,lionel.liew@gmprecruit.com,,https://sg.joblum.com/job/instrument-engineer-oil-gas-siemens/3288808
GMP Group HQ,nurul.amirah@gmprecruit.com,,https://sg.joblum.com/job/compliance-officer-private-bank-contract/3291345
GMP Group HQ,xinyi.chai@gmprecruit.com,,https://sg.joblum.com/job/fp-a-manager-mnc/3291640
GOLDEN DRAGON EMPLOYMENT AGENCY GROUP,ooi@ikservices.com.sg,,https://sg.joblum.com/job/operation-supervisor/3260958
GOOD GOOD AUTOMOTIVE PTE. LTD.,goodgoodautomotive@gmail.com,,https://sg.joblum.com/job/motor-vehicle-mechanic/3293585
GOOD LUCK EMPLOYMENT AGENCY PTE. LTD.,sekar@goodluck.agency,,https://sg.joblum.com/job/cnc-turner/3284267
GOURMET ARTISTRY HOLDINGS PTE. LTD.,gourmetartistry@gmail.com,,https://sg.joblum.com/job/cinematic-short-reels-videographer/3250228
GUANG FENG (G2F),,6598894141,https://sg.joblum.com/job/3500-to-5500-trauma-cleaning-cleaners-needed/3274835
Geonamics (S) Pte Ltd,hr@geonamics.com.sg,,https://sg.joblum.com/job/hr-admin-officer/3292389
GlaxoSmithKline Pte Ltd,sg.campus@gsk.com,,https://sg.joblum.com/job/msat/3274682
Goat Creative Studio Pte. Ltd.,jobs@goatstudio.sg,,https://sg.joblum.com/job/interior-design-consultant-full-time/3260679
Gold Star Aviation Pte. Ltd.,jobs@goldstar-aviation.com,,https://sg.joblum.com/job/aircraft-maintenance-engineer-for-private-jet/3295021
Good Job Creations (Singapore) Pte Ltd,cv_gary@goodjobcreations.com.sg,,https://sg.joblum.com/job/accountant-fullset-central/3300285
Good Job Creations (Singapore) Pte Ltd,cv_victoria@goodjobcreations.com.sg,,https://sg.joblum.com/job/finance-cum-admin-assistant-hybrid-south-west/3295166
Good Job Creations (Singapore) Pte Ltd,eric@goodjobcreations.com.sg,,https://sg.joblum.com/job/accountant-full-set-alexandra-up-to-5500-3/3289308
Greeen Pte Ltd,pat@greeen.sg,,https://sg.joblum.com/job/assistance-quantity-surveyor/3282688
Greencity Builder Sdn Bhd,amber_jh@hotmail.com,,https://my.joblum.com/job/site-supervisor/1251616
GrowthFN Sdn Bhd,esther.akaeze@growthfn.co,,https://my.joblum.com/job/customer-service-mandarin-cantonese-speaker/1231812
GrowthOps,talent@growthops.com.au,,https://my.joblum.com/job/digital-media-planner/1240449
H.L.K ENGINEERING PTE. LTD.,hlkengineering.sg@gmail.com,,https://sg.joblum.com/job/safety-coordinator/3274136
HAITONG INTERNATIONAL SECURITIES (SINGAPORE) PTE. LTD.,sg.hr@htisec.com,,https://sg.joblum.com/job/client-advisor-assistant-private-wealth-management/3287883
HB Resources Pte Ltd,ask@hbresources.com.sg,,https://sg.joblum.com/job/site-coordinator/3300225
HEALTHIFY MEDICAL PTE. LTD.,olivialeu@healthifymedical.com.sg,,https://sg.joblum.com/job/clinic-assistant-sgunitedjobs/3292724
HEGEN PTE. LTD.,hr@hegen.com,,https://sg.joblum.com/job/trade-marketing-executive/3280966
HEY ROCKET PTE LTD,,65 8042 2995,https://sg.joblum.com/job/customer-service-officer-central-region-up-to/3299436
HEY ROCKET PTE LTD,,65 8044 8840,https://sg.joblum.com/job/retail-assistant-l-gross-4000-5000-l-16-days-al/3278230
HIGHLIGHT ART PTE. LTD.,info@highlight.art,,https://sg.joblum.com/job/graphic-designer/3287830
HIRERITE PTE. LTD.,hirerite.sg@gmail.com,,https://sg.joblum.com/job/f-b-staff-and-hospitality/3298742
HISTAR INTERACTIVE PTE. LTD.,hrbp@histars.global,,https://sg.joblum.com/job/finance-manager/3293784
HNW CONSULTANCY PTE. LTD.,sherwin@hnwconsultancy.com.sg,,https://sg.joblum.com/job/corporate-secretarial-associate-senior-associate/3278391
HOE HUAT HARDWARE (S) PTE LTD,laykim@hoehuat.com,,https://sg.joblum.com/job/sales-coordinator/3296750
HOGARTH WORLDWIDE PTE LIMITED,careers@hogarth.com,,https://sg.joblum.com/job/graphic-production-artist-freelance-on-site/3279294
HOGARTH WORLDWIDE SDN. BHD.,careers@hogarth.com,,https://my.joblum.com/job/senior-copywriter/1213402
HONG HE MANAGEMENT CONSULTANT,1049166527@QQ.COM,,https://sg.joblum.com/job/mcf/3289663
HONYUN CONSTRUCTION PTE. LTD.,xtheng@honyun.com.sg,,https://sg.joblum.com/job/m-e-engineer/3296213
HOUSEKEEPERS MANAGEMENT SERVICES PTE. LTD.,,6568844333,https://sg.joblum.com/job/cleaner/3287037
HRAS SERVICES SDN. BHD.,hrassabah@hrasgroup.com,,https://my.joblum.com/job/vacancy-recruitment/1254038
HRLinked Asia,info@hrlinkedasia.com,,https://sg.joblum.com/job/sales-development-manager/3267049
HRnet One Pte Ltd,eugenechiang@hrnetone.com,,https://sg.joblum.com/job/business-development-manager/3295307
HRnet One Pte Ltd,graceyeo@hrnetone.com,,https://sg.joblum.com/job/hr-admin-manager/3294236
HS Teoh & Co,hsteohco@gmail.com,,https://my.joblum.com/job/audit-assistants/1257043
HS-CM ENGINEERING PTE. LTD.,advertisement@hsc.com.sg,,https://sg.joblum.com/job/bim-modeller-bim-coordinator/3268543
HTE TUITION CENTER PTE. LTD.,admin@htesg.com,,https://sg.joblum.com/job/english-tutor-for-early-childhood-care-and/3280990
HUBLINK EMPLOYMENT & ONLINE SERVICES,Hublink0203@gmail.com,,https://sg.joblum.com/job/driver/3299000
HUMMINGBIRD BIOSCIENCE PTE. LTD.,careers@hummingbirdbio.com,,https://sg.joblum.com/job/research-associate-animal-sciences/3255681
Hai Leck Holdings Limited,recruit@haileck.com,,https://sg.joblum.com/job/admin-executive/3285537
Haipa International Pte. Ltd.,finance@haipa.com.sg,,https://sg.joblum.com/job/part-time-admin-staff/3299972
Hair & Soul Pte Ltd,,65 8228-5877,https://sg.joblum.com/job/junior-stylist-hair-assistant/3253952
Hawksman Technology,Jon.Cloak@hawksmantechnology.com,,https://sg.joblum.com/job/petrochemical-analyst/3277972
Haymarket Media Asia Pte Ltd,recruitment@haymarket.com,,https://sg.joblum.com/job/associate-editor-campaign/3259707
Hays Specialist Recruitment Pte Ltd,Dion.Lee@hays.com.sg,,https://sg.joblum.com/job/franchise-manager/3294242
Hays Specialist Recruitment Pte Ltd,Kalpana.charles@hays.com.my,,https://sg.joblum.com/job/kyc-analyst/3273681
Hays Specialist Recruitment Pte Ltd,Nicholas.Liang@Hays.com.sg,,https://sg.joblum.com/job/global-corporates-relationship-manager/3297791
Hays Specialist Recruitment Pte Ltd,Shabnam.Bahar@hays.com.sg,65 63030726,https://sg.joblum.com/job/accounts-executive-ap-12-months-contract/3294280
Hays Specialist Recruitment Pte Ltd,amanda.lim@hays.com.sg,65 6027 1921,https://sg.joblum.com/job/feedstock-operator-lng-naphtha/3292028
Hays Specialist Recruitment Pte Ltd,kelly.wee@hays.com.sg,,https://sg.joblum.com/job/avp-group-corporate-finance/3295654
Hays Specialist Recruitment Pte Ltd,lijie.ong@hays.com.sg,65 81006059,https://sg.joblum.com/job/data-analytics-solution-manager/3300318
Hays Specialist Recruitment Pte Ltd,priscilla.fong@hays.com.sg,,https://sg.joblum.com/job/senior-hr-executive-up-to-5000-month/3299458
Hays Specialist Recruitment Pte Ltd,shien.koo@hays.com.sg,,https://sg.joblum.com/job/compensation-and-benefits-manager/3272939
Hbtech energy enhance system,uppkdvpe01@gmail.com,,https://sg.joblum.com/job/social-media-marketer-lead-gen/3295406
Helius Technologies Pte Ltd,ashwani@helius-tech.com,,https://sg.joblum.com/job/java-developer/3299671
Henning Larsen,internship.singapore@henninglarsen.com,,https://sg.joblum.com/job/landscape-designer/3270838
Henning Larsen Pte Ltd.,internship.singapore@henninglarsen.com,,https://sg.joblum.com/job/intern-landscape-designer/3264999
Herbal Pharm Pte Ltd,hr@herbalpharm.com.sg,,https://sg.joblum.com/job/inside-sales-representative/3293809
Holman Fenwick Willan Singapore LLP,SPrecruitment@hfw.com,,https://sg.joblum.com/job/associate-aerospace/3260779
Hua Siah Construction Pte Ltd,advertisement@hsc.com.sg,,https://sg.joblum.com/job/bim-modeller-bim-coordinator/3267603
Hudson Global Resources ( HQ ),Leo.leong@hudson.sg,,https://sg.joblum.com/job/regional-finance-analyst-eur-mnc-pharmaceutical/3295574
Hudson Global Resources ( HQ ),MarkGabriel.Ong@hudson.sg,,https://sg.joblum.com/job/head-of-finance-us-mnc-chemicals-industry/3295693
Hudson Global Resources ( HQ ),adrian.yuen@hudson.sg,,https://sg.joblum.com/job/client-delivery-manager/3294624
HughesCastell,txu@hughescastell.com,,https://sg.joblum.com/job/senior-legal-counsel/3264960
Humanitarian Organization for Migration Economics,contact@home.org.sg,,https://sg.joblum.com/job/admin-hr-executive/3296860
Hwa Chong Institution,hr@hcis.edu.sg,,https://sg.joblum.com/job/physics-teacher/3301055
Hype Media Pte. Ltd.,emmanuelhypemedia@gmail.com,,https://sg.joblum.com/job/dtp-artist/3271340
Hype On Media,human.resources@hypeon.media,,https://sg.joblum.com/job/licensed-content-team-leader/3252435
Hyperlink Services Pte Ltd,karenhyperlink04@gmail.com.sg,,https://sg.joblum.com/job/sales-and-customer-service-officer/3259972
Hyperscal Solutions,tvangevelt@smu.edu.sg,,https://sg.joblum.com/job/research-fellow-9-month-contract-college-of/3284499
Hyperscal Solutions,vendors@gov.sg,,https://sg.joblum.com/job/senior-manager-grants-compliance-management/3296640
Hytech Consulting Management Sdn Bhd,Jacklyn.ng@hytechc.com,,https://my.joblum.com/job/copywriter/1247551
IKAN BILIS ARTS(M) SDN BHD,admin@ikanbilisart.com,,https://my.joblum.com/job/art-assistant/1221697
IKAN BILIS ARTS(M) SDN BHD,admin@ikanbilisarts.com,,https://my.joblum.com/job/caricature-artist/1221680
IKARI SHODOKU MALAYSIA SDN BHD,hr@ikari.com.my,,https://my.joblum.com/job/hr-admin-assistant/1249491
IKEDA GROUP PTE LTD,hr@ikeda.group,,https://sg.joblum.com/job/therapist-beautician/3289419
IMAN Kindergarten & Childcare,training@rsi.edu.sg,,https://sg.joblum.com/job/cleaner-training-centre/3286946
INFOSTAQ SOLUTIONS PTE. LTD.,RECRUIT@INFOSTAQGLOBAL.COM,,https://sg.joblum.com/job/devices-setup-zebra-lenovo-engineer/3298106
INVESTMENT COMPANY OF THE PEOPLE'S REPUBLIC OF CHINA (SINGAPORE) PTE LTD,hr@icprc.com,,https://sg.joblum.com/job/internal-auditor/3296982
INVICIEN CAPITAL MANAGEMENT PTE. LTD.,melvin.chan@eternus.global,,https://sg.joblum.com/job/legal-manager/3267744
ISADD Pte Ltd,admin@isadd.com,,https://sg.joblum.com/job/school-shadow/3280051
Inspirees Future.Co Pte. Ltd,greenerycck@gmail.com,,https://sg.joblum.com/job/jian-zhi-you-er-jiao-shi-zhong-wen-l2-part-time/3284208
Inspizone Pte Ltd,abhinay.tiwari@inspizone.com,,https://sg.joblum.com/job/mandarin-language-teacher/3280143
International Organization For Migration (IOM),vniomkualalumpur@iom.int,,https://my.joblum.com/job/project-assistant-migrant-protection-and/1213167
Island Recovery Services Pte. Ltd.,,6590217155,https://sg.joblum.com/job/tow-truck-driver-experienced/3292774
J & S Partnership,,65 8205 5040,https://sg.joblum.com/job/part-time-cashier-tampines-8-hr/3271328
J CARTER CENTRE FOR PUBLIC SPEAKING PTE. LTD.,admin@jcartercentre.com,,https://sg.joblum.com/job/english-speech-drama-teacher-part/3296303
JAC Recruitment Pte. Ltd.,corpsvcs.sg@jac-recruitment.com,,https://sg.joblum.com/job/sales-account-manager-fmcg-modern-trade-up-to/3299773
JAC Recruitment Pte. Ltd.,dawn.han@jac-recruitment.com,,https://sg.joblum.com/job/regional-engineering-executive-hvac/3295208
JAC Recruitment Pte. Ltd.,ivan.eng@jac-recruitment.com,,https://sg.joblum.com/job/product-sales-executive-west-up-to-4000-basic/3299464
JAC Recruitment Pte. Ltd.,jinhan.huang@jac-recruitment.com,65 6411 0405,https://sg.joblum.com/job/senior-structural-engineer/3299730
JAC Recruitment Pte. Ltd.,kaiwei.lin@jac-recruitment.com,,https://sg.joblum.com/job/hr-executive-up-to-3600-east/3286098
JAC Recruitment Pte. Ltd.,kherxin.tan@jac-recruitment.com,,https://sg.joblum.com/job/accounting-manager-north-mnc-up-to-7000/3294609
JAC Recruitment Pte. Ltd.,neal.lou@jac-recruitment.com,,https://sg.joblum.com/job/accountant-3500-4500-12-months-contract/3294584
JAC Recruitment Pte. Ltd.,rhys.goh@jac-recruitment.com,,https://sg.joblum.com/job/accounts-executive-partial-set-up-to-4-500/3288349
JAC Recruitment Pte. Ltd.,tiffany.wong@jac-recruitment.com,,https://sg.joblum.com/job/customer-care-specialist-mnc-up-to-4k/3288594
JAC Recruitment Pte. Ltd.,yilei.wong@jac-recruitment.com,,https://sg.joblum.com/job/executive-assistant-japanese-speaking-hyrid/3291374
JCPARTNERS PAC,hr@jcpartners.com.sg,,https://sg.joblum.com/job/audit-associate/3290234
JIH SUN EMPLOYMENT AGENCY,tioman009@gmail.com,,https://sg.joblum.com/job/admin-assistant-woodlands-alt-sat/3289721
JOBALLY PTE. LTD.,ivytan@jobally.com.sg,,https://sg.joblum.com/job/credit-risk-executive-analyst/3270580
JOBSTUDIO PTE LTD,Hannah.choong@jobstudio.com.sg,,https://sg.joblum.com/job/senior-executive-manager-operations-hospital/3277646
JOBSTUDIO PTE LTD,jo@jobstudio.com.sg,,https://sg.joblum.com/job/nurse-manager-senior-ot-icu-o-g-ref-jc/3295642
JTE Recruit Pte Ltd,Grayson@jte.com.sg,,https://sg.joblum.com/job/project-manager-external-relationship/3234718
JUAN CONCEPT PTE LTD,darren.chng@juan.com.sg,,https://sg.joblum.com/job/interior-designer-renovation/3266743
JUICE.RAW PTE. LTD.,Francesca.l@privasec.com,,https://sg.joblum.com/job/frame-sales-executive/3268236
Jaya Bintang Sdn Bhd,hrjayabintang@gmail.com,,https://my.joblum.com/job/account-executive/1258111
Jentrik Sdn Bhd,jobs.jentrik@gmail.com,,https://my.joblum.com/job/m-e-inspector-of-work-iow-klang-valley/1248836
Jewish Welfare Board,revital@ganenu.com,,https://sg.joblum.com/job/preschool-teacher-assistant-immediate/3300906
John Ethans International Pte Ltd,hr@johnethans.com,,https://sg.joblum.com/job/manager-corporate-secretarial/3269949
JonDavidson Pte Ltd,s.liu@jondavidsongroup.com,,https://sg.joblum.com/job/manager-erm-sustainability/3291993
Jones Lang LaSalle Property Consultants Pte Ltd,Accommodation.Reques@am.jll.com,,https://sg.joblum.com/job/occupancy-planner/3299878
Jones Lang LaSalle Property Consultants Pte Ltd,AccomodationRequest@am.jll.com,,https://sg.joblum.com/job/facility-technician-entry-level/3300024
Jovin Automotive Pte Ltd,accounts@jovinauto.com,,https://sg.joblum.com/job/shipping-coordinator/3292294
Juta Niaga Resources,hrjutaniaga@gmail.com,,https://my.joblum.com/job/graphic-designer/1246823
KAIITI YANG SHENG,TAIMENGP@GMAIL.COM,,https://sg.joblum.com/job/mcf/3278089
KAIROS GLOBAL SEARCH PTE. LTD.,recruitment@kairosglobalsearch.com,,https://sg.joblum.com/job/regulatory-compliance-vp/3288176
KEPLER SEARCH PTE. LTD.,dawn.gulanes@keplersearch.com,,https://sg.joblum.com/job/regional-compliance-commodities-trading/3294831
KINGS CATERING PTE. LTD.,Syedharun.kingsgroup@gmail.com,6598394741,https://sg.joblum.com/job/digital-marketing-officer/3292692
KINU PTE. LTD.,hello@studiokinu.co,,https://sg.joblum.com/job/photographer-family-and-pets/3233027
KOTA ALUMINIUM SDN. BHD.,info.kotaasb@gmail.com,,https://my.joblum.com/job/dafter-project-coordinator-for-architecture/1253123
KPMG Services Pte Ltd,estherjordan@kpmg.cpm.sg,,https://sg.joblum.com/job/director-sap-alliance-asia-pacific/3265872
KTM Sportmotorcycle SEA Pte Ltd,yasier.sarodin@ktm.com,,https://sg.joblum.com/job/junior-sales-manager/3290380
KUAI LE BEI PTE. LTD.,,6588468682,https://sg.joblum.com/job/tea-barista/3298036
Kamlax Global Technologies Sdn Bhd,chakry@kamlaxglobal.com,,https://my.joblum.com/job/campaign-management-sr-analyst/1217130
Keli Careers Private Limited,kelicareers@gmail.com,,https://sg.joblum.com/job/hr-admin-on-job-training-provided-career/3285797
Kelvin Chia Partnership,kcpcareers@kcpartnership.com,,https://sg.joblum.com/job/paralegal/3294074
Kerry Consulting Pte Ltd,rf@kerryconsulting.com,,https://sg.joblum.com/job/compliance-specialist-6-months-contract/3273918
Kerry Consulting Pte Ltd,sd@kerryconsulting.com,,https://sg.joblum.com/job/deputy-head-of-technology-digital-media/3276040
Kerry Consulting Pte Ltd,sr@kerryconsulting.com,,https://sg.joblum.com/job/data-centre-engineer-24-months-contract-12-12/3301282
Keyframe International Sdn Bhd,enquiry@keyframeinternational.com,,https://my.joblum.com/job/video-editor/1225220
Klive Asia Pte. Ltd.,hello@kliveasia.com,,https://sg.joblum.com/job/event-production-operations/3300435
Koh & Partners,kohpart@singnet.com.sg,,https://sg.joblum.com/job/junior-secretary-paralegal/3288475
Koson Technology Sdn Bhd,hr.koson@gmail.com,,https://my.joblum.com/job/graphic-designer/1256003
Krei Digital,hello@kreidigital.com,,https://sg.joblum.com/job/social-media-executive/3260745
Kuan Management,kuanmgt8@yahoo.com,,https://my.joblum.com/job/junior-account-executive/1250724
Kyna Pte. Ltd.,teachers@kynaforkids.vn,,https://sg.joblum.com/job/naive-thailand-english-online-teachers/3292658
LA Design Studio Pte Ltd,hr@ladesignstudio.sg,,https://sg.joblum.com/job/interior-designer/3276951
LAI ARCHITECT,acc.laiarchi@gmail.com,,https://my.joblum.com/job/assistant-architect/1255997
LAW & LAW ASSURANCE & ADVISORY SERVICES,contact@altumlaw.sg,,https://sg.joblum.com/job/paralegal-executive-practice-trainee/3290860
LAW & LAW ASSURANCE & ADVISORY SERVICES,mandylim@tcglawcorp.com,,https://sg.joblum.com/job/conveyancing-secretary/3290439
LC ECOMMERCE PTE LTD,,65 81814221,https://sg.joblum.com/job/social-media-specialist-ins-fb-tk-live-host/3286126
LCentral Pte Ltd,jessica.tampines@lcentral.net,,https://sg.joblum.com/job/early-literacy-and-english-teacher-for-enrichment/3298869
LIGHT COLLAB LLP,info@lightcollab.com,,https://sg.joblum.com/job/project-manager-lighting-electrical/3267130
LIGHTNET (SINGAPORE) PTE. LTD.,shahirah.kad@lightnet.io,,https://sg.joblum.com/job/payment-operations-specialist/3284291
LIKWID,info.lkwid@gmail.com,,https://my.joblum.com/job/underwater-videographer-trainee/1255141
LINE PILATES PTE. LTD.,cs@linepilates.sg,,https://sg.joblum.com/job/pilates-instructor/3248325
LIUZHOUNVXU (CHINATOWN) PTE. LTD.,shaohuajun11@gmail.com,,https://sg.joblum.com/job/payroll-administrative/3284130
LQ Logistics Pte Ltd,pohlin@renuslogistics.com,,https://sg.joblum.com/job/delivery-assistant/3300739
LUMINE SINGAPORE PTE. LTD.,administrator@lumine-sg.com,,https://sg.joblum.com/job/sales-associate-fashion/3282721
LVND Hotels Pte Ltd,shamila.rolfe@accor.com,,https://sg.joblum.com/job/duty-technician-hotel/3298083
Ldo consultancy sdn bhd,Ldoconsultancy.adm@gmail.com,,https://my.joblum.com/job/design-project-architect-interior-designer/1245143
Learning Kidz Pte Ltd,cecilia@learningkidz.com.sg,,https://sg.joblum.com/job/infant-care-teacher-tampines-junction/3298545
Lee Kong Chian School of Medicine,luodahai@ntu.edu.sg,,https://sg.joblum.com/job/research-assistant-associate-biomedical-research/3262419
Legend Integrated Logistics Sdn Bhd,globalhr@legendlogisticsltd.com,,https://my.joblum.com/job/finance-manager/1252003
Leon Overseas Pte Ltd,cherling.lee@leonoverseas.com,,https://sg.joblum.com/job/junior-legal-counsel-legal-executive/3264535
Lexcompass LLC,career@lexcompass.com.sg,,https://sg.joblum.com/job/paralegal-legal-secretary/3258950
Lgb Somerset Investment Pte. Ltd.,enquiries@thegeneralroom.com,,https://sg.joblum.com/job/community-executive/3299085
Lil Ninja Academy Pte. Ltd.,info@lilninja-academy.com,,https://sg.joblum.com/job/kids-gym-coach-and-trainer-30-hours-a-week/3233734
Linepilates,cs@linepilates.sg,,https://sg.joblum.com/job/pilates-instructor/3263753
Links international,jackson.tan@linksinternational.com,,https://sg.joblum.com/job/associate-director-fundraising-apac-npo/3283977
Links international,jeyalakshmi.sethu@linksinternational.com,,https://my.joblum.com/job/education-consultant-malaysia/1218491
Lloyd's Register Singapore Pte Ltd,careers@lr.org,,https://sg.joblum.com/job/commercial-execution-senior-administrator-6/3289671
Loaded Services Pte Ltd,,65 97815157,https://sg.joblum.com/job/hr-admin-assistant/3289937
Lohmun Leather Products Singapore Pte Ltd,,65 84688293,https://sg.joblum.com/job/roncato-luggage-promoter-takashimaya-vivo/3276710
Lotta Animatiion Sdn Bhd,lottaanimation.my@gmail.com,,https://my.joblum.com/job/social-media-content-creator/1228696
Love and Bravery Online Pte Ltd,careers@loveandbravery.com,,https://sg.joblum.com/job/fashion-designer-merchandiser-for-ecommerce/3281980
Luxury Coach Service,,65-8186 5254,https://sg.joblum.com/job/bus-driver-class-4-vocational-licence/3292461
M EAST SDN. BHD.,recruitment2024@marlboroughcollege.my,,https://my.joblum.com/job/head-of-academic-pe/1253160
M METAL PTE. LTD.,resume@mmetal.com.sg,,https://sg.joblum.com/job/account-admin-assistant/3299407
M-SQ PTE. LTD.,queenie.ng@m-sq.com.my,,https://sg.joblum.com/job/vending-machine-maintenance-cleaner/3235872
M.A.D. Shoes Pte Ltd,donnamadpteltd@gmail.com,,https://sg.joblum.com/job/carousell-account-manager/3258981
MAAD Creatives,hello@maadcreatives.com,,https://sg.joblum.com/job/graphic-designer-creative-studio/3265646
MACK PARKING (SINGAPORE) PTE. LTD.,afreen.kaur@wilsonparking.com.sg,,https://sg.joblum.com/job/office-cleaner/3296934
MAPLEBEAR HEADSTART PTE. LTD.,hr@maplebear.sg,,https://sg.joblum.com/job/preschool-educator/3284083
MAPLEBEAR INTERNATIONAL SCHOOLHOUSE PTE. LTD.,hr@maplebear.sg,,https://sg.joblum.com/job/relief-preschool-teacher/3287635
MARSHMALLO PTE. LTD.,info@themarshmallo.com,,https://sg.joblum.com/job/join-the-marshmallo-team-as-a-part-time-fashion/3287186
MASSIVEMUSIC SINGAPORE PTE. LTD.,donny.pereira@massivemusic.com,,https://sg.joblum.com/job/sound-designer/3271336
MCI Career Services Pte Ltd,,65 6990 0431,https://sg.joblum.com/job/enforcement-security-joining-bonus-40k-aws/3269192
MCI Career Services Pte Ltd,,65 6990 0440,https://sg.joblum.com/job/retail-assistant-x-20-islandwide-sy/3293041
MCI Career Services Pte Ltd,chenyun@mci.com.sg,,https://sg.joblum.com/job/assistant-project-manager-west-area-5-5days/3272643
MCI Career Services Pte Ltd,yvonne@mci.com.sg,,https://sg.joblum.com/job/nurse-manager-healthcare-up-7-300-bonuses/3286316
MERCU Learning Point Pte Ltd,,6580241149,https://sg.joblum.com/job/full-time-student-care-centre-teacher-punggol/3299856
METIZOFT ASIA PTE. LTD.,katherine.koo@metizoft.com,,https://sg.joblum.com/job/accounts-executive/3295883
METROPOLITAN OFFICE EXPERIMENTAL PTE. LTD.,accounts@edmundngarchitects.com,,https://sg.joblum.com/job/senior-architect/3284486
MFS Investment Management,talent_acquisition@mfs.com,,https://sg.joblum.com/job/equity-research-analyst/3294376
MI SEMICONDUCTOR PTE. LTD.,hr@mi-technovation.com,,https://sg.joblum.com/job/account-executive/3286997
MICRON SEMICONDUCTOR ASIA OPERATIONS PTE LTD,hrsupport_sg@micron.com,,https://sg.joblum.com/job/senior-manager-frontend-global-planning-strategy/3297191
MIND STRETCHER EDUCATION,hr@mindstretcher.com,,https://sg.joblum.com/job/public-speaking-coach-full-time-part-time/3281742
MINDCHAMPS PRESCHOOL@ ONE RAFFLES PLACE PTE. LTD.,staceyhong@mindchamps.org,,https://sg.joblum.com/job/mindspace-primary-school-teacher/3300658
MING FA NOODLES HOUSE PTE. LTD.,mingfa.matters@gmail.com,,https://sg.joblum.com/job/digital-marketing-executive/3287292
MINISO SG PTE. LTD.,jinbo@miniso.com.sg,,https://sg.joblum.com/job/merchandise-coordinator/3285585
MJG International Pte. Ltd.,,65 80720292,https://sg.joblum.com/job/massage-therapist/3300427
MPALACE HOTEL KUALA LUMPUR,ari@mpalacehotel.com.my,,https://my.joblum.com/job/junior-social-media-executive/1216932
MPFB by Identity Hairworks,mike@identityhairworks.sg,,https://sg.joblum.com/job/hair-salon-receptionist/3285209
MPTS TRADING,mpts.trading@outlook.my,,https://my.joblum.com/job/qs-cum-site-supervisor/1251210
MTC Consulting Pte. Ltd.,,65 8124 8100,https://sg.joblum.com/job/concierge-front-desk-officer/3294173
MTC Consulting Pte. Ltd.,,65 8306 8603,https://sg.joblum.com/job/finance-cum-admin-executive/3286683
MTC Consulting Pte. Ltd.,,65 8513 8733,https://sg.joblum.com/job/senior-accounts-executive/3288512
MTC Consulting Pte. Ltd.,,65 9759 6862,https://sg.joblum.com/job/accounts-executive/3299574
MTC Consulting Pte. Ltd.,erlynn.tay@mtcconsulting.com.sg,,https://sg.joblum.com/job/hr-cum-admin-assistant-payroll-tuas-5-days/3272986
MTC Consulting Pte. Ltd.,mtc011@mtcconsulting.com.sg,,https://sg.joblum.com/job/restaurant-manager-assistant-manager-bar-type/3299495
MTC Consulting Pte. Ltd.,mtc072@mtcconsulting.com.sg,,https://sg.joblum.com/job/finance-manager/3295242
MTC Consulting Pte. Ltd.,mtc081@mtcconsulting.com.sg,,https://sg.joblum.com/job/radiographer/3289244
MULTIBAY DEVELOPMENT SDN. BHD.,hr@gersb.com.my,,https://my.joblum.com/job/inspector-of-work-architectural/1236969
MUZART INTERNATIONAL SDN. BHD.,hr@muz-art.com,,https://my.joblum.com/job/personal-assistant-to-ceo/1250022
MY LITTLE TEETH CHILDREN DENTAL CLINIC PTE. LTD.,,6586223492,https://sg.joblum.com/job/full-time-receptionist/3295991
Maersk Singapore Pte Ltd.,accommodationrequests@maersk.com,,https://sg.joblum.com/job/regional-legal-counsel-asia-pacific/3279346
Magnum 4D Berhad,hr@magnum.my,,https://my.joblum.com/job/operations-officer/1247626
Magnum employment services pte ltd,Vincent.yew@magnummaid.com.sg,,https://sg.joblum.com/job/sales-consultant/3286221
Maitri School,enquiry@maitrischool.edu.sg,,https://sg.joblum.com/job/sped-teacher-aide/3300172
"Majlis Ugama Islam, Singapura",careers@muis.gov.sg,,https://sg.joblum.com/job/head-assistant-director-religious-talent/3271882
Malaysia Dairy Industries Pte Ltd,jesslyn_lai@mdi.com.sg,,https://sg.joblum.com/job/assistant-key-account-manager/3264967
Malaysiakini.com,hr@malaysiakini.com,,https://my.joblum.com/job/sub-editor/1255389
Mane Stop Pte  Ltd,mane_stop@yahoo.com,,https://sg.joblum.com/job/hair-stylist/3276630
Manfield Employment Services Pte Ltd,leroy.lok@manfield.com.sg,,https://sg.joblum.com/job/account-executive/3289046
Manfield Employment Services Pte Ltd,quennie.chen@manfield.com.sg,,https://sg.joblum.com/job/safety-manager-west-area/3277257
Manpower Staffing Services (S) Pte Ltd - Head Office,Apple.lim@manpower.com.sg,,https://sg.joblum.com/job/junior-finance-analyst-accounts-full-time/3300339
Manpower Staffing Services (S) Pte Ltd - Head Office,cayenne.liang@manpower.com.sg,,https://sg.joblum.com/job/landscape-architect/3291569
Manpower Staffing Services (S) Pte Ltd - Head Office,gem.cabria@manpower.com.sg,,https://sg.joblum.com/job/bank-teller-customer-service-contract-up-to/3288327
Manpower Staffing Services (S) Pte Ltd - Head Office,rupa.kankariya@manpower.com.sg,,https://sg.joblum.com/job/banking-customer-service-contract-up-to-3-400/3281895
Manpower Staffing Services (S) Pte Ltd - Head Office,veronica.neo@manpower.com.sg,,https://sg.joblum.com/job/mechanical-engineers-product-design-oil-gas/3299461
Manulife (Singapore) Pte Ltd,recruitment@manulife.com,,https://sg.joblum.com/job/senior-high-net-worth-underwriter/3276720
Manulife Insurance Berhad,recruitment@manulife.com,,https://my.joblum.com/job/intern/1250730
Mao Sheng Quanji Construction Pte Ltd,catherine@maosheng.com.sg,,https://sg.joblum.com/job/wsh-coordinator/3278747
Maple Bear Educare Pte Ltd,taiseng@maplebear.sg,,https://sg.joblum.com/job/preschool-english-educator/3287735
Marbleture Pte. Ltd.,marbleturelog@gmail.com,,https://sg.joblum.com/job/administrator/3298217
Marina Limousines,ride@marinalimousines.sg,,https://sg.joblum.com/job/private-driver/3291779
Masjid Hasanah,HR@hasanah.mosque.sg,,https://sg.joblum.com/job/marketing-social-media-executive/3274864
McCann Erickson (M) Sdn. Bhd.,kualalumpurhr@mccann.com.my,,https://my.joblum.com/job/senior-brand-manager/1241049
Meat & Livestock Australia,careers@mla.com.au,,https://sg.joblum.com/job/marketing-manager/3291710
Mec Jati Consortium Sdn. Bhd.,recruitment@mecjati.com,,https://my.joblum.com/job/iow-electrical-sg-petani-kedah/1249297
Medicare (S) Pte. Ltd,evelyn.lai@medicare.com.sg,,https://sg.joblum.com/job/graphic-designer-internship/3273188
Meng Design & Build,echsmd.recruitment@gmail.com,,https://sg.joblum.com/job/sales-designer-home-renovation/3301117
Merlin Entertainments Group,Recruitment@Merlinentertainments.biz,,https://my.joblum.com/job/lego-production-costing-lead/1253462
Met Interior,admin@metinterior.com.sg,,https://sg.joblum.com/job/interior-sales-designer/3249175
Michael Page International Pte Ltd,,65 6416 9812,https://sg.joblum.com/job/sales-manager-software-banking-and-finance/3278108
Michael Page International Pte Ltd,,65 6416 9849,https://sg.joblum.com/job/b2b-insurance-sales-lead/3278855
Michael Page International Pte Ltd,,65 6416 9869,https://sg.joblum.com/job/associate-director-finance-regulatory/3278045
Michael Page International Pte Ltd,,65 6416 9889,https://sg.joblum.com/job/management-consultant-corporate-strategy-m-a/3278049
Michael Page International Pte Ltd,,65 6416 9894,https://sg.joblum.com/job/regional-treasury-manager/3286118
Michael Page International Pte Ltd,,65 6533 2777,https://sg.joblum.com/job/digital-transformation-manager/3295771
Michael Page International Pte Ltd,,65 6541 9940,https://sg.joblum.com/job/accountant-tuas/3281205
Ministry of Education,MOE_RT@moe.gov.sg,,https://sg.joblum.com/job/full-time-contract-adjunct-teacher/3258860
Ministry of Education,moe_ru_trained_appt@moe.gov.sg,,https://sg.joblum.com/job/full-time-trained-teacher-tamil-language/3300487
Mobile Money International Sdn Bhd,kianwahtoh@mobile-money.com.my,,https://my.joblum.com/job/it-security-officer/1234880
Moleac Pte Ltd,felicia.han@moleac.com,,https://sg.joblum.com/job/clinical-research-associate/3285996
Morgan McKinley,pekoh@morganmckinely.com,,https://sg.joblum.com/job/brand-and-partnerships-marketing-specialist-12/3300190
Morgan McKinley,sg-rscontracting@morganmckinley.com,,https://sg.joblum.com/job/accountant-financial-analyst/3286835
Motorola Solutions Singapore Pte Ltd,ohr@motorolasolutions.com,,https://sg.joblum.com/job/apac-benefits-intern/3283886
Moya Design,joey@moya.com.sg,,https://sg.joblum.com/job/junior-architect-architectural-assistant/3280197
Multiverse Media Pte. Ltd.,account1@m2media.com.sg,,https://sg.joblum.com/job/graphic-designer/3264286
MurcyArt Gallery,contact@murcyart.com,,https://sg.joblum.com/job/art-teacher/3291634
My Forever Doggo,myforeverdoggo@gmail.com,,https://my.joblum.com/job/videographer-video-editor/1234838
NASASTONE SDN BHD,hr.dept@nasastone.com,,https://my.joblum.com/job/electrical-technician/1234789
NESQ RESOURCES (M) SDN BHD,ayu@nesq.com.my,,https://my.joblum.com/job/customer-service-nesq/1241773
NEW YORK GLOBAL CONSULTANTS PTE. LTD.,rozario.v@nygci.com,,https://sg.joblum.com/job/storage-resident-engineer-powerflex/3292600
NILOFARR HEALTH & BEAUTY SDN BHD,Ehsanhr.nilofarr@gmail.com,,https://my.joblum.com/job/graphic-designer/1258394
NSI Integrations Sdn Bhd,info@nsii.com.my,,https://my.joblum.com/job/technical-service-executive/1242708
NTT Singapore Pte. Ltd.,suvarna.hegde@global.ntt,,https://sg.joblum.com/job/data-analyst-contract/3296854
NURTURE INFANT PTE. LTD.,joseph@nurtureeducation.com,6596664141,https://sg.joblum.com/job/assistant-infant-educarer/3294716
Nala Employment Pte Ltd,sophia.lee@nalaemployment.com,,https://sg.joblum.com/job/hr-manager/3277058
Nanyang Optical Co. Pte Ltd,hr@nanyang.com.sg,,https://sg.joblum.com/job/optometrists-opticians/3287305
Nanyang Technological University,roderick@ntu.edu.sg,,https://sg.joblum.com/job/project-officer-organic-synthesis/3272135
Nanyang Technological University,sangho.yun@ntu.edu.sg,,https://sg.joblum.com/job/research-assistant-developer/3283720
Nanyang Technological University,yunfann.toh@ntu.edu.sg,,https://sg.joblum.com/job/research-assistant-sea2-and-ctp/3282571
Nascans Pte Ltd,careers@global-eduhub.com,,https://sg.joblum.com/job/student-care-teacher/3289933
National University Health System,careers_alexandra@nuhs.edu.sg,,https://sg.joblum.com/job/assistant-manager-housekeeping-5164-alexandra/3290624
National University Hospital,alliedhealth@nuhs.edu.sg,,https://sg.joblum.com/job/senior-pharmacist-contract/3296664
National University Hospital,lim_yixuan@nuhs.edu.sg,,https://sg.joblum.com/job/senior-staff-nurse/3285773
National University of Singapore,,65 6516 7789,https://sg.joblum.com/job/research-assistant-alcns/3289144
National University of Singapore,ask.iht@nus.edu.sg,,https://sg.joblum.com/job/postdoctoral-fellow-ihealthtech/3273560
National University of Singapore,bchdlw@nus.edu.sg,,https://sg.joblum.com/job/research-assistant-dept-of-biochemistry/3270216
National University of Singapore,bchhyk@nus.edu.sg,,https://sg.joblum.com/job/research-assistant-associate-dept-of/3270043
National University of Singapore,bchyws@nus.edu.sg,,https://sg.joblum.com/job/senior-research-fellow-synthetic-biology-trp/3269954
National University of Singapore,cncs@nus.edu.sg,,https://sg.joblum.com/job/senior-manager-communications/3295042
National University of Singapore,ctlim@nus.edu.sg,,https://sg.joblum.com/job/research-scientist-haptics-ihealthtech/3294950
National University of Singapore,daniel.tenen@nus.edu.sg,,https://sg.joblum.com/job/senior-research-scientist-cancer-science/3281317
National University of Singapore,dr.pawel@nus.edu.sg,,https://sg.joblum.com/job/lecturer-senior-lecturer-in-clinical-psychology/3281221
National University of Singapore,eleykl@nus.edu.sg,,https://sg.joblum.com/job/research-fellow-3d-ic-package-fault-localisation/3276206
National University of Singapore,falk.m-r@nus.edu.sg,,https://sg.joblum.com/job/research-associate-digital-health-and-data/3281325
National University of Singapore,helen.zhou@nus.edu.sg,,https://sg.joblum.com/job/research-assistant-mnndl-neuroimaging-it/3269106
National University of Singapore,info@skytimber.org,,https://sg.joblum.com/job/design-research-associate-architecture-and/3269993
National University of Singapore,isensh@nus.edu.sg,,https://sg.joblum.com/job/research-fellow-simulation-modelling-and/3270516
National University of Singapore,jean.teh@nus.edu.sg,,https://sg.joblum.com/job/research-fellow-brain-health-lab/3272735
National University of Singapore,jylim@nus.edu.sg,,https://sg.joblum.com/job/research-fellow-biological-sciences/3276780
National University of Singapore,lawfsc@nus.edu.sg,,https://sg.joblum.com/job/the-yong-shook-lin-professorship-in-intellectual/3281631
National University of Singapore,lkysppjoinus@nus.edu.sg,,https://sg.joblum.com/job/wang-gungwu-professor-on-east-asian-affairs/3282248
National University of Singapore,mukerjee@nus.edu.sg,,https://sg.joblum.com/job/research-assistant-collaborative-data-trust/3272824
National University of Singapore,ngkokhoe@nus.edu.sg,,https://sg.joblum.com/job/research-associate-case-study-unit/3282228
National University of Singapore,phcltnm@nus.edu.sg,,https://sg.joblum.com/job/research-fellow-immunotherapy-development-for/3269282
National University of Singapore,phsjcje@nus.edu.sg,,https://sg.joblum.com/job/research-associate-neurodevelopment-and/3269442
National University of Singapore,sebastian.sewerin@gess.ethz.ch,,https://sg.joblum.com/job/research-fellow-policy-governance/3282371
National University of Singapore,sppfhy@nus.edu.sg,,https://sg.joblum.com/job/research-assistant-statistics/3277541
National University of Singapore,sppmn@nus.edu.sg,,https://sg.joblum.com/job/research-fellow-environment-ecological/3277204
National University of Singapore,suhana_s@nus.edu.sg,,https://sg.joblum.com/job/research-associate-fermentation-specialist/3269961
National University of Singapore,surckhd@nus.edu.sg,,https://sg.joblum.com/job/research-assistant-department-of-surgery/3294552
National University of Singapore,surwang@nus.edu.sg,,https://sg.joblum.com/job/research-fellow-heart-immunology/3269246
National University of Singapore,violet_teo@nus.edu.sg,,https://sg.joblum.com/job/assistant-professor-chemical-and-biomolecular/3285147
National University of Singapore,y_ding@nus.edu.sg,,https://sg.joblum.com/job/research-associate-research-assistant-nus/3281862
National University of Singapore,yvette.eijk@nus.edu.sg,,https://sg.joblum.com/job/research-associate-in-public-health/3281775
National University of Singapore,zhang@nus.edu.sg,,https://sg.joblum.com/job/research-fellow-ai-structural-bioinformatics/3276358
New Forests Asia (Singapore) Pte Ltd.,careers@newforests.com.au,,https://sg.joblum.com/job/manager-operations/3284587
Nicoll Curtin Group,Shayna.chan@nicollcurtin.com,,https://sg.joblum.com/job/ux-design-lead/3259690
Nicosia Creative Expresso Pte Ltd,jobs_asia@niceltd.com,,https://sg.joblum.com/job/2d-3d-visualizer/3262642
Nicosia Creative Expresso Pte Ltd,juvina.ng@niceltd.com,,https://sg.joblum.com/job/art-director/3262587
Nirvana Memorial Garden Pte Ltd,,65 9875 6827,https://sg.joblum.com/job/sales-consultant-multiple-roles-work-from/3294741
OCTOMATE STAFFING PTE. LTD.,andreahl.oh@octomate.us,,https://sg.joblum.com/job/sales-operations-executive-team-lead-mnc/3293349
OMM MEDIA SDN. BHD.,ask@omm.media,,https://my.joblum.com/job/videographer-cum-editor/1241578
ONEGOLF PTE LTD,,65 94642805,https://sg.joblum.com/job/club-fitter-golf/3252956
ONETHREEONEFOUR WEDDING PTE. LTD.,hr@onethreeonefour.com,,https://sg.joblum.com/job/senior-hr-admin-executive/3300091
OPAL LAWYERS LLC,recruitment@opal.sg,,https://sg.joblum.com/job/legal-executive/3234824
OTC GLOBAL (S) PTE. LTD.,project2@spanzio.com.sg,,https://sg.joblum.com/job/sales-marketing-executive/3300830
OUR WEST COAST FAMILY CLINIC PTE. LTD.,ourwestcoastfamilyclinic@gmail.com,,https://sg.joblum.com/job/senior-clinic-assistant/3292352
Oculus Design Pte Ltd,team@oculusdesign.com.sg,,https://sg.joblum.com/job/senior-account-executive-account-manager/3236771
Oliver Quek & Associates,oliverquek@oliverquek.com,,https://sg.joblum.com/job/legal-associate/3269729
Options Pilates Pte. Ltd.,jobs@options-studio.com,,https://sg.joblum.com/job/pilates-instructor/3280494
Orchard Scotts Dental: Aesthetics And Implant Center Pte. Ltd.,recruitment@depacific.com,,https://sg.joblum.com/job/superstar-dental-assistant/3282954
Otis Elevator Company (S) Pte Ltd,careers@otis.com,,https://sg.joblum.com/job/equipment-digital-marketing-manager/3297576
PASSION PEERS PTE. LTD.,accounts@passionpeers.com,,https://sg.joblum.com/job/digital-campaign-manager/3287520
PENSKEY SCREEN & DIGITAL SDN BHD,account@penskey.com.my,,https://my.joblum.com/job/account-executive/1257773
PERCETAKAN NORFATIMAH SDN BHD,pwsb85@gmail.com,,https://my.joblum.com/job/graphic-designer/1249848
PERSOLKELLY Singapore Pte Ltd (Formerly Kelly Services Singapore Pte Ltd),,65 6709 3317,https://sg.joblum.com/job/temp-executive-assistant-6-months-5-days/3295342
PERSOLKELLY Singapore Pte Ltd (Formerly Kelly Services Singapore Pte Ltd),,65 9176 4007,https://sg.joblum.com/job/executive-quality-improvement-healthcare/3298705
PERSOLKELLY Singapore Pte Ltd (Formerly Kelly Services Singapore Pte Ltd),,65 9645 4048,https://sg.joblum.com/job/associate-account-manager-up-3-000-5-months/3289355
PERSOLKELLY Singapore Pte Ltd (Formerly Kelly Services Singapore Pte Ltd),,65 9834 1147,https://sg.joblum.com/job/temp-patient-service-officer-open-temp-to-perm/3295617
PERSOLKELLY Singapore Pte Ltd (Formerly Kelly Services Singapore Pte Ltd),Justin.wong@persolsg.com,,https://sg.joblum.com/job/sales-order-operations-executive-in-a-healthcare/3293355
PERSOLKELLY Singapore Pte Ltd (Formerly Kelly Services Singapore Pte Ltd),agnes_ng@p-serv.com.sg,,https://sg.joblum.com/job/contact-centre-agent-changi-airport-4-months/3285338
PERSOLKELLY Singapore Pte Ltd (Formerly Kelly Services Singapore Pte Ltd),bs1@persolkelly.com,,https://sg.joblum.com/job/finance-executive-id-596786/3291843
PERSOLKELLY Singapore Pte Ltd (Formerly Kelly Services Singapore Pte Ltd),khaiven_tay@persolkelly.com,,https://sg.joblum.com/job/admin-multiple-locations-west-central/3291871
PERSOLKELLY Singapore Pte Ltd (Formerly Kelly Services Singapore Pte Ltd),teresa_chan@persolkelly.com,,https://sg.joblum.com/job/workforce-management-executive-2-years-contract/3301250
PERSOLKELLY Singapore Pte Ltd (Formerly Kelly Services Singapore Pte Ltd),terrence.chua@persolsg.com,,https://sg.joblum.com/job/senior-specialist-up-5200-central-sdlc-it/3295502
PERSOLKELLY Singapore Pte Ltd (Formerly Kelly Services Singapore Pte Ltd),tyler.tay@persolsg.com,,https://sg.joblum.com/job/service-engineer-chiller-troubleshooting-mnc/3295313
PERSOLKELLY Workforce Solutions Malaysia Sdn Bhd,Ashikin_Malihi@persolkelly.com,,https://my.joblum.com/job/internal-control-specialist-audit-risk/1255958
PERSOLKELLY Workforce Solutions Malaysia Sdn Bhd,Gina_Ho@persolkelly.com,,https://my.joblum.com/job/finance-treasury-executive-mndarin-speaker/1257187
PIF CAPITAL (S) PTE. LTD...,hr@pifcapital.com,,https://sg.joblum.com/job/sales-manager/3294739
PINC PTE LTD,pincjeslyn@yahoo.com,,https://sg.joblum.com/job/beautician/3258615
PINDAO INTERNATIONAL INVESTMENT PTE. LTD.,diaofeifei@pin-dao.cn,,https://sg.joblum.com/job/shop-manager/3293511
PINPOINT ASIA INFOTECH PTE. LTD.,resume.sg@pinpointasia.com,,https://sg.joblum.com/job/fixed-income-application-support-elite/3293879
PKF-CAP LLP,siewinn@pkf.com,,https://sg.joblum.com/job/corporate-secretarial-assistant/3240473
PL BEAUTE,plbeaute3@gmail.com,,https://sg.joblum.com/job/beautician/3259792
PLATINUM DENTAL SDN. BHD.,hrplatinumdental@gmail.com,,https://my.joblum.com/job/receptionist/1254381
PLAYFACTO @ J10 PTE. LTD.,junction10@playfactoschool.com.sg,,https://sg.joblum.com/job/student-care-teacher-senior-junior-pfs-j10/3290397
PLAYFACTO @ LABRADOR PTE. LTD.,labrador@playfactoschool.com.sg,,https://sg.joblum.com/job/student-care-teacher/3285724
POMEROY STUDIO PTE LTD,careers@pomeroystudio.sg,,https://sg.joblum.com/job/office-manager/3296936
PPG Coatings (M) Sdn Bhd,recruiting@ppg.com,,https://my.joblum.com/job/people-readiness-change-management-specialist/1241937
PRESTIGE-HERITAGE SERVICES PTE. LTD.,BETTY@PRESTIGEHERITAGE.COM.SG,,https://sg.joblum.com/job/administrator/3293905
PRESTIGE-HERITAGE SERVICES PTE. LTD.,betty@prestigeheritage.com.sg,65 9452 2768,https://sg.joblum.com/job/robtics-instructor/3293733
PRINT WISE ENTERPRISE,printwise@gmail.com,,https://my.joblum.com/job/junior-graphic-designer-cum-dtp/1246279
PROLINE TAX SERVICES SDN. BHD.,proline_hr@yahoo.com,,https://my.joblum.com/job/tax-seniors-assistants/1255491
PRecious Communications,talent@preciouscomms.com,,https://sg.joblum.com/job/client-executive-public-relations/3286292
PS Solutions,amr.hrpart@gmail.com,,https://my.joblum.com/job/tax-assistant-setapak-kl/1251051
PS Solutions,amr.vacancypssb@gmail.com,,https://my.joblum.com/job/assistant-company-secretary-johor/1246637
Pacific People Solutions,chris@pacificpeoplesolutions.com,,https://my.joblum.com/job/corporate-banking-lending-specialist/1254718
Paddington Medical Clinic,jocelyn.ng@paddingtonmedical.com,,https://sg.joblum.com/job/clinic-assistant/3282270
Page Personnel Recruitment Pte. Ltd.,,65 6416 9812,https://sg.joblum.com/job/junior-product-manager-tour-activities-ota/3300122
Page Personnel Recruitment Pte. Ltd.,,65 6416 9889,https://sg.joblum.com/job/finance-manager-aviation-east/3295542
Page Personnel Recruitment Pte. Ltd.,,65 6541 9940,https://sg.joblum.com/job/treasury-assistant-manager/3294222
Page Personnel Recruitment Pte. Ltd.,,65 6643 9735,https://sg.joblum.com/job/finance-executive-regional-mnc/3294305
Palo Alto Networks (S) Pte Ltd,accommodations@paloaltonetworks.com,,https://sg.joblum.com/job/channel-operations-manager-japac/3288206
Paperspace Pte Ltd,audrey.chin@paperspace.asia,,https://sg.joblum.com/job/workplace-interior-designer-mid-level-senior/3281029
Paradigm Recruitment Pte. Ltd.,canice.sar@paradigmrecruitment.com.sg,,https://sg.joblum.com/job/business-development-manager-family-office/3301226
Pasona Singapore Pte Ltd,tiffany@pasona.com.sg,,https://sg.joblum.com/job/general-affairs-admin-executive-1-year/3299496
Paul Singapore Pte. Ltd.,career@paul-singapore.com,,https://sg.joblum.com/job/cook-part-time/3295955
PayPal,paypalglobaltalentacquisition@paypal.com,,https://sg.joblum.com/job/internal-investigator/3285612
Peak Performance Recruitment,cara@aircraftleasing.ie,,https://sg.joblum.com/job/vp-marketing/3274905
People Profilers Pte Ltd,,+65 6950 9747,https://sg.joblum.com/job/qhse-executive/3299381
People Profilers Pte Ltd,angela.wong@peopleprofilers.com,,https://sg.joblum.com/job/sales-support-manager-east-mnc/3292976
People Profilers Pte Ltd,ashley@peopleprofilers.com,,https://sg.joblum.com/job/pricing-specialist-demand-supply-x-2-mnc-no/3291862
People Profilers Pte Ltd,candy.lim@peopleprofilers.com,,https://sg.joblum.com/job/accounts-executive/3299518
People Profilers Pte Ltd,cindy.char@peopleprofilers.com,,https://sg.joblum.com/job/assistant-accounting-manager-west-treasury/3289021
People Profilers Pte Ltd,debbie@peopleprofilers.com,,https://sg.joblum.com/job/regional-sales-engineer-extensive-traveling/3288543
People Profilers Pte Ltd,eve.lee@peopleprofilers.com,,https://sg.joblum.com/job/senior-manager-director-finance-business-process/3289106
People Profilers Pte Ltd,gesse.tan@peopleprofilers.com,,https://sg.joblum.com/job/senior-manager-hrbp/3288634
People Profilers Pte Ltd,jovian.tay@peopleprofilers.com,,https://sg.joblum.com/job/accounts-assistant-healthcare/3293226
People Profilers Pte Ltd,joyce@peopleprofilers.com,,https://sg.joblum.com/job/senior-lab-analyst-chemical/3289058
People Profilers Pte Ltd,karen.tan@peopleprofilers.com,,https://sg.joblum.com/job/technical-support-engineer-up-to-5k-henderson/3299737
People Profilers Pte Ltd,reeve.lim@peopleprofilers.com,,https://sg.joblum.com/job/finance-business-partner-central-5-days/3297724
People Profilers Pte Ltd,roy.yeo@peopleprofilers.com,,https://sg.joblum.com/job/project-engineer-construction-m-e-grad-no-exp/3297901
People Profilers Pte Ltd,roy.yeo@peopleprofilers.com,65 6950 9757,https://sg.joblum.com/job/hr-executive-no-exp-welcome-woodlands-perm/3297691
People Profilers Pte Ltd,sherry.yeoh@peopleprofilers.com,,https://sg.joblum.com/job/engineering-associate-cnc-roll-grinding/3275702
PeopleSearch Pte Ltd,ethelsk.tan@peoplesearch.jobs,,https://sg.joblum.com/job/corporate-banking-relationship-manager-agnostic/3288497
PeopleSearch Pte Ltd,gwengh.hu@peoplesearch.jobs,,https://sg.joblum.com/job/manager-senior-manager-finance-shared-services/3291721
PeopleSearch Pte Ltd,margaretlee@peoplesearch.jobs,,https://sg.joblum.com/job/application-manager-application-harmonization/3300374
Peoplebank Singapore Pte Ltd,chevelle.tan@peoplebank.asia,,https://sg.joblum.com/job/credit-underwriting-support-officer-training/3288878
Peoplebank Singapore Pte Ltd,mayanne.ramos@peoplebank.asia,,https://sg.joblum.com/job/contact-centre-manager/3297402
